MONTH_DAY,TMIN,TMAX,AWND,PRCP,YEARS_COUNT
02-29,-2.5833333333333335,4.050000000000001,2.7222222222222223,1.0,9.0
01-01,-6.8271428571428565,-2.0242857142857145,2.025714285714286,0.20714285714285716,35.0
01-02,-6.640000000000001,-1.3914285714285715,1.9928571428571429,0.2814285714285714,35.0
01-03,-6.651428571428572,-1.4028571428571428,2.4228571428571426,0.29285714285714287,35.0
01-04,-7.15,-1.8785714285714286,2.1514285714285712,0.17857142857142858,35.0
01-05,-6.574285714285714,-1.882857142857143,2.3657142857142857,0.23,35.0
01-06,-6.7628571428571425,-2.0771428571428574,2.1114285714285717,0.32,35.0
01-07,-6.777142857142857,-1.522857142857143,1.9457142857142855,0.14285714285714285,35.0
01-08,-6.364285714285714,-0.9842857142857143,2.072857142857143,0.42857142857142855,35.0
01-09,-6.558571428571429,-1.2671428571428571,2.5014285714285713,0.15714285714285714,35.0
01-10,-6.08,-0.9942857142857142,2.317142857142857,0.22428571428571428,35.0
01-11,-6.1814285714285715,-1.2057142857142855,2.3514285714285714,0.2142857142857143,35.0
01-12,-6.71,-2.0185714285714287,2.4099999999999997,0.17428571428571427,35.0
01-13,-7.075714285714286,-1.85,2.0628571428571427,0.2814285714285714,35.0
01-14,-6.7,-1.602857142857143,2.24,0.40285714285714286,35.0
01-15,-7.344285714285714,-1.8971428571428572,2.242857142857143,0.054285714285714284,35.0
01-16,-6.795714285714285,-1.44,2.44,0.18857142857142856,35.0
01-17,-7.140000000000001,-1.792857142857143,2.36,0.4228571428571429,35.0
01-18,-7.1414285714285715,-1.2,2.49,0.3314285714285714,35.0
01-19,-6.774285714285714,-1.8857142857142857,2.1414285714285715,0.3157142857142857,35.0
01-20,-6.951428571428572,-2.144285714285714,2.0,0.49428571428571433,35.0
01-21,-6.198571428571428,-0.9542857142857143,2.224285714285714,0.16857142857142857,35.0
01-22,-6.054285714285714,-1.0214285714285714,2.4014285714285712,0.1657142857142857,35.0
01-23,-6.347142857142857,-1.3857142857142857,2.355714285714286,0.2414285714285714,35.0
01-24,-6.485714285714286,-1.3014285714285714,2.192857142857143,0.30142857142857143,35.0
01-25,-6.274285714285714,-1.5157142857142856,2.367142857142857,0.29285714285714287,35.0
01-26,-6.19,-0.30428571428571427,2.424285714285714,0.20714285714285716,35.0
01-27,-5.967142857142857,-0.6257142857142857,2.3214285714285716,0.3014285714285714,35.0
01-28,-6.057142857142857,-0.9414285714285715,2.2642857142857142,0.3385714285714286,35.0
01-29,-6.609999999999999,-1.6457142857142857,2.3457142857142856,0.30142857142857143,35.0
01-30,-6.594285714285714,-1.5514285714285716,2.0,0.18285714285714286,35.0
01-31,-5.5,-0.5585714285714286,2.017142857142857,0.3114285714285714,35.0
02-01,-6.135714285714286,-0.7057142857142857,2.017142857142857,0.19285714285714287,35.0
02-02,-6.098571428571428,-0.6985714285714285,2.12,0.15857142857142856,35.0
02-03,-6.41,-0.9385714285714286,2.3657142857142857,0.2985714285714286,35.0
02-04,-6.185714285714286,-0.8671428571428572,2.35,0.4057142857142857,35.0
02-05,-5.428571428571429,-0.012857142857142862,1.887142857142857,0.33428571428571424,35.0
02-06,-5.501428571428572,0.011428571428571389,1.9471428571428573,0.12857142857142856,35.0
02-07,-6.121428571428571,-0.58,2.277142857142857,0.18857142857142856,35.0
02-08,-6.587142857142857,-0.7157142857142856,2.032857142857143,0.26285714285714284,35.0
02-09,-5.844285714285714,-0.8214285714285714,2.4985714285714287,0.16142857142857142,35.0
02-10,-6.738571428571428,-0.7985714285714286,2.487142857142857,0.36714285714285716,35.0
02-11,-5.847142857142857,-0.91,2.6799999999999997,0.2942857142857143,35.0
02-12,-6.451428571428572,-0.7528571428571428,2.164285714285714,0.14857142857142858,35.0
02-13,-5.777142857142857,-0.20428571428571435,2.2471428571428573,0.47714285714285715,35.0
02-14,-5.984285714285714,-0.4971428571428571,2.5114285714285716,0.68,35.0
02-15,-6.337142857142857,-0.9671428571428572,2.28,0.26,35.0
02-16,-6.091428571428571,-0.28428571428571425,2.3457142857142856,0.13428571428571429,35.0
02-17,-5.31,0.28,2.33,0.49857142857142855,35.0
02-18,-4.84,0.5642857142857142,2.2657142857142856,0.24857142857142855,35.0
02-19,-5.08,0.7300000000000001,2.137142857142857,0.06714285714285714,35.0
02-20,-4.430000000000001,1.1257142857142857,2.42,0.6842857142857143,35.0
02-21,-4.73,0.7285714285714285,2.1399999999999997,0.4342857142857143,35.0
02-22,-4.547142857142857,0.4714285714285714,2.2214285714285715,0.55,35.0
02-23,-4.927142857142857,0.11428571428571434,2.47,0.81,35.0
02-24,-5.337142857142857,-0.07999999999999997,2.287142857142857,0.6642857142857143,35.0
02-25,-5.555714285714285,-0.4028571428571429,2.6042857142857145,0.2514285714285714,35.0
02-26,-5.361428571428571,-0.03285714285714287,2.414285714285714,0.1542857142857143,35.0
02-27,-5.322857142857143,0.1871428571428571,2.225714285714286,0.08142857142857143,35.0
02-28,-4.645714285714286,0.7914285714285714,2.3528571428571428,0.9128571428571428,35.0
03-01,-4.8271428571428565,1.1785714285714286,2.26,0.4128571428571428,35.0
03-02,-5.522857142857143,0.5371428571428571,2.454285714285714,0.06285714285714285,35.0
03-03,-4.831428571428571,1.042857142857143,2.2042857142857146,0.07142857142857142,35.0
03-04,-3.4842857142857144,2.2542857142857144,2.3314285714285714,0.28428571428571425,35.0
03-05,-3.7714285714285714,2.124285714285714,2.4571428571428573,0.5814285714285715,35.0
03-06,-3.5971428571428574,2.0785714285714287,2.5942857142857143,0.3685714285714286,35.0
03-07,-3.257142857142857,1.4214285714285715,2.7,0.27571428571428575,35.0
03-08,-3.488571428571429,1.9400000000000002,2.5157142857142856,0.8657142857142858,35.0
03-09,-3.525714285714286,1.637142857142857,2.525714285714286,0.9585714285714285,35.0
03-10,-3.4099999999999997,2.257142857142857,2.412857142857143,0.3,35.0
03-11,-2.97,3.218571428571429,2.424285714285714,0.42857142857142855,35.0
03-12,-2.4285714285714284,3.2142857142857144,2.681428571428571,0.5357142857142857,35.0
03-13,-2.2071428571428573,4.0042857142857144,2.2,1.05,35.0
03-14,-2.0214285714285714,3.592857142857143,2.4957142857142856,0.6142857142857143,35.0
03-15,-1.8914285714285715,3.6771428571428566,2.4299999999999997,0.3057142857142857,35.0
03-16,-1.8614285714285717,4.234285714285714,2.5014285714285713,0.4357142857142857,35.0
03-17,-1.6271428571428572,3.5028571428571427,2.607142857142857,0.3685714285714286,35.0
03-18,-1.282857142857143,3.3657142857142857,2.5342857142857143,0.6928571428571428,35.0
03-19,-1.7242857142857144,4.542857142857143,2.6285714285714286,0.3728571428571429,35.0
03-20,-1.4828571428571429,4.4071428571428575,2.544285714285714,0.19714285714285715,35.0
03-21,-1.6885714285714286,4.2628571428571425,2.307142857142857,0.5285714285714286,35.0
03-22,-1.5342857142857145,4.017142857142857,2.39,0.6714285714285714,35.0
03-23,-1.1814285714285715,3.9699999999999998,2.52,1.2285714285714286,35.0
03-24,-1.3042857142857143,3.857142857142857,2.6871428571428573,0.8142857142857143,35.0
03-25,-1.4857142857142858,3.6471428571428572,2.67,1.1114285714285714,35.0
03-26,-1.6257142857142857,4.941428571428572,2.5814285714285714,0.45142857142857146,35.0
03-27,-1.0685714285714285,4.845714285714285,2.724285714285714,1.3057142857142856,35.0
03-28,-0.9685714285714285,5.011428571428572,2.4985714285714287,0.6571428571428571,35.0
03-29,-0.4742857142857143,5.748571428571428,2.531428571428571,0.5085714285714286,35.0
03-30,-0.3985714285714286,5.834285714285714,2.6342857142857143,1.127142857142857,35.0
03-31,-0.36142857142857143,5.835714285714285,2.832857142857143,2.4257142857142853,35.0
04-01,-0.8442857142857144,6.135714285714286,2.6285714285714286,0.30142857142857143,35.0
04-02,-0.7885714285714286,6.211428571428572,2.6599999999999997,0.23285714285714287,35.0
04-03,-0.8714285714285714,5.948571428571428,2.914285714285714,0.36428571428571427,35.0
04-04,-1.18,5.985714285714286,2.462857142857143,0.45,35.0
04-05,-0.07428571428571427,7.371428571428571,2.857142857142857,1.0085714285714285,35.0
04-06,0.1957142857142857,6.414285714285715,3.1914285714285717,1.6528571428571428,35.0
04-07,0.041428571428571405,6.062857142857142,2.9785714285714286,2.1042857142857145,35.0
04-08,-0.22285714285714286,5.911428571428572,2.6957142857142857,1.2357142857142858,35.0
04-09,-0.3,6.415714285714286,2.6228571428571428,0.9199999999999999,35.0
04-10,0.35571428571428576,6.554285714285714,2.7385714285714284,1.84,35.0
04-11,0.11285714285714284,6.154285714285715,2.8814285714285712,1.4585714285714286,35.0
04-12,0.5471428571428572,6.442857142857143,2.9771428571428573,1.0899999999999999,35.0
04-13,1.042857142857143,7.161428571428572,2.762857142857143,0.9185714285714287,35.0
04-14,0.8571428571428571,7.502857142857144,2.892857142857143,1.0942857142857143,35.0
04-15,1.1885714285714286,7.128571428571429,3.17,1.3714285714285714,35.0
04-16,0.6971428571428571,6.598571428571428,2.73,1.28,35.0
04-17,0.5085714285714285,7.4714285714285715,2.192857142857143,0.13285714285714284,35.0
04-18,1.45,7.825714285714285,2.9,2.417142857142857,35.0
04-19,1.1557142857142857,6.97,2.682857142857143,0.9028571428571429,35.0
04-20,1.4657142857142855,7.3742857142857146,2.67,1.2571428571428571,35.0
04-21,1.032857142857143,7.845714285714286,2.4471428571428575,0.9528571428571428,35.0
04-22,0.9385714285714286,8.504285714285714,2.4442857142857144,2.21,35.0
04-23,1.5657142857142856,9.564285714285715,2.5557142857142856,0.43,35.0
04-24,1.8585714285714285,9.187142857142858,2.5357142857142856,1.3142857142857143,35.0
04-25,2.0385714285714283,8.355714285714285,2.78,1.5085714285714285,35.0
04-26,1.6228571428571428,7.895714285714287,2.6585714285714284,1.4742857142857144,35.0
04-27,1.4828571428571429,8.068571428571428,2.8057142857142856,1.6242857142857143,35.0
04-28,1.8428571428571427,8.457142857142857,2.5785714285714287,1.412857142857143,35.0
04-29,2.2657142857142856,8.384285714285713,2.7457142857142856,1.6057142857142859,35.0
04-30,2.322857142857143,8.427142857142856,2.837142857142857,2.4985714285714287,35.0
05-01,2.2342857142857144,8.697142857142856,2.624285714285714,0.9385714285714286,35.0
05-02,1.7514285714285713,8.715714285714286,2.202857142857143,0.63,35.0
05-03,2.072857142857143,9.381428571428572,2.21,0.8128571428571428,35.0
05-04,2.894285714285714,9.622857142857143,2.3242857142857143,1.5442857142857143,35.0
05-05,3.1685714285714286,9.69,2.42,1.087142857142857,35.0
05-06,3.5957142857142856,10.201428571428572,2.46,1.1585714285714286,35.0
05-07,3.725714285714286,10.217142857142857,2.6085714285714285,1.6785714285714286,35.0
05-08,3.71,9.57857142857143,2.637142857142857,2.7085714285714286,35.0
05-09,3.5714285714285716,10.030000000000001,2.5985714285714288,0.8228571428571428,35.0
05-10,3.5814285714285714,10.002857142857144,2.5785714285714287,1.69,35.0
05-11,3.612857142857143,9.424285714285714,2.69,1.7771428571428571,35.0
05-12,3.3142857142857145,9.347142857142856,2.5114285714285716,1.1600000000000001,35.0
05-13,3.382857142857143,9.757142857142858,2.657142857142857,0.6371428571428571,35.0
05-14,3.8871428571428575,10.59142857142857,2.3985714285714286,1.0214285714285714,35.0
05-15,3.8228571428571434,10.717142857142857,1.9957142857142856,1.6328571428571428,35.0
05-16,4.0928571428571425,11.492857142857142,2.218571428571429,1.98,35.0
05-17,4.502857142857143,11.347142857142856,2.8285714285714287,1.8771428571428572,35.0
05-18,4.212857142857143,11.298571428571428,2.512857142857143,1.3514285714285714,35.0
05-19,4.4871428571428575,10.858571428571429,2.605714285714286,1.29,35.0
05-20,4.507142857142857,10.517142857142858,2.281428571428571,1.4957142857142858,35.0
05-21,4.74,10.937142857142858,2.5185714285714287,1.36,35.0
05-22,5.537142857142857,11.582857142857142,2.6185714285714288,1.63,35.0
05-23,5.52,10.918571428571427,2.462857142857143,1.5371428571428571,35.0
05-24,5.248571428571428,10.604285714285714,2.5028571428571427,1.8071428571428572,35.0
05-25,4.985714285714286,10.681428571428572,2.2542857142857144,1.3985714285714284,35.0
05-26,4.7057142857142855,11.122857142857143,2.068571428571429,1.39,35.0
05-27,5.018571428571429,11.347142857142856,2.2142857142857144,2.6214285714285714,35.0
05-28,5.7371428571428575,12.294285714285715,2.2285714285714286,1.0057142857142856,35.0
05-29,5.658571428571429,12.102857142857143,2.1471428571428572,3.774285714285714,35.0
05-30,6.014285714285714,12.387142857142857,2.1799999999999997,2.575714285714286,35.0
05-31,5.585714285714285,11.974285714285715,2.024285714285714,1.5314285714285714,35.0
06-01,5.821428571428571,11.912857142857142,2.092857142857143,1.9599999999999997,35.0
06-02,6.071428571428571,12.112857142857143,2.15,1.0271428571428571,35.0
06-03,5.715714285714286,12.255714285714285,2.0900000000000003,1.812857142857143,35.0
06-04,6.2457142857142856,12.73857142857143,1.9900000000000002,2.0642857142857145,35.0
06-05,6.51,13.0,1.9228571428571428,2.5957142857142856,35.0
06-06,6.777142857142857,13.268571428571429,2.2685714285714287,0.8228571428571428,35.0
06-07,6.905714285714286,13.237142857142857,2.2142857142857144,0.8928571428571429,35.0
06-08,6.927142857142857,12.771428571428572,2.3842857142857143,1.8714285714285714,35.0
06-09,6.945714285714286,13.122857142857143,2.4514285714285715,1.9400000000000002,35.0
06-10,6.915714285714286,13.032857142857143,2.0885714285714285,1.0242857142857142,35.0
06-11,7.165714285714286,13.535714285714286,2.21,1.687142857142857,35.0
06-12,6.791428571428571,13.231428571428571,1.9228571428571428,1.5257142857142856,35.0
06-13,6.978571428571429,13.639999999999999,2.04,2.222857142857143,35.0
06-14,7.427142857142857,13.57,2.212857142857143,2.0457142857142854,35.0
06-15,7.477142857142857,13.401428571428571,2.164285714285714,2.205714285714286,35.0
06-16,7.345714285714286,14.014285714285714,2.1042857142857145,3.567142857142857,35.0
06-17,7.797142857142856,13.982857142857142,2.434285714285714,1.982857142857143,35.0
06-18,7.637142857142858,13.67142857142857,2.1357142857142857,1.3071428571428572,35.0
06-19,7.742857142857143,13.837142857142858,2.1585714285714284,0.5171428571428571,35.0
06-20,7.9385714285714295,13.737142857142857,2.2042857142857146,4.491428571428571,35.0
06-21,7.72,13.605714285714285,2.1342857142857143,3.18,35.0
06-22,7.65,13.737142857142857,2.0700000000000003,2.627142857142857,35.0
06-23,7.967142857142858,13.96142857142857,2.13,1.2228571428571429,35.0
06-24,7.917142857142858,14.252857142857144,1.9885714285714284,1.8242857142857143,35.0
06-25,8.061428571428571,14.09142857142857,2.2728571428571427,0.8114285714285714,35.0
06-26,8.031428571428572,14.241428571428571,2.0885714285714285,1.1571428571428573,35.0
06-27,7.932857142857142,14.181428571428572,2.0814285714285714,2.2342857142857144,35.0
06-28,8.127142857142857,14.184285714285714,2.357142857142857,0.9514285714285715,35.0
06-29,7.992857142857143,14.28857142857143,2.1485714285714286,1.5942857142857143,35.0
06-30,8.045714285714286,14.334285714285715,1.9057142857142857,0.2257142857142857,35.0
07-01,7.864285714285714,14.007142857142858,2.092857142857143,2.4757142857142855,35.0
07-02,8.21142857142857,14.101428571428572,2.2385714285714284,0.42142857142857143,35.0
07-03,8.59,14.504285714285714,2.142857142857143,1.15,35.0
07-04,8.747142857142856,14.348571428571429,2.1214285714285714,0.9342857142857144,35.0
07-05,8.498571428571429,14.552857142857144,2.031428571428571,1.5414285714285716,35.0
07-06,8.182857142857141,14.432857142857141,1.9014285714285712,1.0885714285714285,35.0
07-07,8.442857142857143,14.30857142857143,2.0085714285714285,1.6957142857142857,35.0
07-08,8.382857142857143,14.355714285714285,2.0742857142857143,0.8471428571428571,35.0
07-09,8.364285714285714,14.547142857142857,1.7414285714285715,1.97,35.0
07-10,8.525714285714285,14.565714285714286,2.2414285714285715,2.0642857142857145,35.0
07-11,8.635714285714286,14.352857142857143,2.15,0.9457142857142857,35.0
07-12,8.467142857142857,14.398571428571428,1.937142857142857,1.6642857142857144,35.0
07-13,8.608571428571429,14.765714285714285,1.87,0.7742857142857144,35.0
07-14,8.382857142857143,14.729999999999999,1.9285714285714286,1.1914285714285715,35.0
07-15,8.674285714285714,15.055714285714288,1.9185714285714288,0.47,35.0
07-16,8.84,15.129999999999999,2.0214285714285714,0.8414285714285714,35.0
07-17,8.792857142857143,15.221428571428572,2.0185714285714287,1.6914285714285715,35.0
07-18,8.96,15.10142857142857,2.142857142857143,1.4942857142857142,35.0
07-19,8.974285714285715,14.639999999999999,2.0028571428571427,1.6085714285714285,35.0
07-20,8.87,14.605714285714285,1.9014285714285712,1.2585714285714285,35.0
07-21,8.772857142857143,14.347142857142856,1.8457142857142856,1.3471428571428572,35.0
07-22,8.55857142857143,14.437142857142858,1.7585714285714285,0.49857142857142855,35.0
07-23,8.26142857142857,14.602857142857143,1.7457142857142858,2.337142857142857,35.0
07-24,8.745714285714286,14.498571428571429,2.0700000000000003,2.315714285714286,35.0
07-25,8.641428571428571,14.561428571428571,1.9357142857142857,1.37,35.0
07-26,8.407142857142857,14.551428571428572,1.937142857142857,0.14142857142857143,35.0
07-27,8.682857142857141,14.5,1.88,1.627142857142857,35.0
07-28,8.207142857142857,14.452857142857141,1.7242857142857144,0.5085714285714286,35.0
07-29,7.747142857142856,14.264285714285714,1.65,1.032857142857143,35.0
07-30,8.345714285714287,14.431428571428572,1.8428571428571427,2.0,35.0
07-31,8.325714285714286,15.005714285714287,1.9028571428571428,0.26142857142857145,35.0
08-01,8.368571428571428,14.610000000000001,1.9028571428571428,0.7114285714285714,35.0
08-02,8.102857142857143,14.371428571428572,1.7328571428571429,1.882857142857143,35.0
08-03,8.37,14.59,1.747142857142857,2.387142857142857,35.0
08-04,7.994285714285715,13.661428571428571,1.9628571428571429,1.5828571428571427,35.0
08-05,7.968571428571428,13.639999999999999,1.8085714285714285,4.078571428571428,35.0
08-06,8.332857142857144,13.631428571428572,1.88,2.007142857142857,35.0
08-07,8.594285714285714,14.294285714285715,1.9285714285714286,2.9299999999999997,35.0
08-08,8.444285714285714,14.127142857142857,2.0,0.40714285714285714,35.0
08-09,8.19,14.255714285714285,1.747142857142857,0.92,35.0
08-10,7.85,13.851428571428572,1.5814285714285714,1.49,35.0
08-11,8.022857142857143,13.947142857142856,1.7542857142857142,2.09,35.0
08-12,8.035714285714286,13.76142857142857,1.8014285714285714,0.92,35.0
08-13,7.238571428571428,13.45,1.7,0.3385714285714286,35.0
08-14,7.3914285714285715,13.545714285714286,1.8900000000000001,0.6542857142857142,35.0
08-15,7.557142857142857,13.719999999999999,1.9614285714285715,1.4057142857142857,35.0
08-16,7.925714285714285,13.728571428571428,1.9342857142857144,1.65,35.0
08-17,7.73,13.9,1.8842857142857143,0.9728571428571428,35.0
08-18,7.6885714285714295,13.795714285714284,2.0457142857142854,1.3942857142857144,35.0
08-19,7.508571428571429,13.325714285714286,1.9657142857142855,1.022857142857143,35.0
08-20,7.61,13.378571428571428,2.044285714285714,1.79,35.0
08-21,7.725714285714285,13.825714285714286,1.8485714285714288,1.6242857142857143,35.0
08-22,8.221428571428572,14.164285714285715,2.2471428571428573,0.23857142857142857,35.0
08-23,8.522857142857143,14.464285714285714,2.1557142857142857,1.3214285714285714,35.0
08-24,8.474285714285715,14.305714285714286,2.0942857142857143,1.3571428571428572,35.0
08-25,8.331428571428573,14.015714285714287,1.8985714285714286,1.1728571428571428,35.0
08-26,8.198571428571428,14.21,1.9785714285714286,0.3442857142857143,35.0
08-27,8.248571428571429,14.087142857142858,1.7985714285714287,1.77,35.0
08-28,7.761428571428571,14.054285714285713,1.882857142857143,2.8614285714285717,35.0
08-29,7.3271428571428565,13.93,1.792857142857143,1.0857142857142856,35.0
08-30,7.0,13.84,2.03,0.35714285714285715,35.0
08-31,7.244285714285715,13.451428571428572,2.0628571428571427,1.2271428571428573,35.0
09-01,7.658571428571429,13.411428571428571,2.142857142857143,1.1828571428571428,35.0
09-02,7.497142857142856,13.714285714285714,2.2314285714285713,0.5800000000000001,35.0
09-03,6.974285714285714,13.375714285714285,2.217142857142857,1.22,35.0
09-04,7.061428571428571,13.588571428571427,2.1271428571428572,0.7271428571428571,35.0
09-05,7.174285714285714,13.414285714285715,2.2314285714285713,1.25,35.0
09-06,6.775714285714286,13.695714285714287,1.9814285714285713,0.4614285714285714,35.0
09-07,6.231428571428571,12.278571428571428,2.0085714285714285,1.032857142857143,35.0
09-08,5.634285714285714,12.36142857142857,2.044285714285714,1.3385714285714285,35.0
09-09,6.112857142857142,12.365714285714287,2.19,1.512857142857143,35.0
09-10,6.19,12.392857142857142,2.0642857142857145,1.7714285714285714,35.0
09-11,6.234285714285714,12.547142857142857,2.0842857142857145,1.2385714285714287,35.0
09-12,6.081428571428571,12.76,1.875714285714286,0.7828571428571428,35.0
09-13,5.6571428571428575,12.347142857142856,2.0900000000000003,1.6357142857142857,35.0
09-14,5.3671428571428565,11.887142857142857,2.0114285714285716,0.5057142857142857,35.0
09-15,5.314285714285714,12.201428571428572,2.1385714285714283,2.752857142857143,35.0
09-16,5.6414285714285715,12.412857142857142,2.202857142857143,0.5871428571428572,35.0
09-17,5.525714285714286,11.747142857142856,2.105714285714286,0.20142857142857143,35.0
09-18,5.5771428571428565,11.468571428571428,2.174285714285714,1.11,35.0
09-19,5.191428571428571,11.802857142857144,2.27,1.8657142857142857,35.0
09-20,5.211428571428572,11.891428571428571,2.35,1.8814285714285712,35.0
09-21,4.41,10.978571428571428,2.2928571428571427,0.9885714285714287,35.0
09-22,3.951428571428572,10.187142857142858,2.1585714285714284,1.0928571428571427,35.0
09-23,4.165714285714286,10.678571428571429,2.2014285714285715,1.532857142857143,35.0
09-24,4.351428571428571,11.032857142857143,1.9485714285714286,1.5614285714285714,35.0
09-25,4.061428571428571,11.167142857142858,1.7957142857142858,1.262857142857143,35.0
09-26,3.724285714285714,11.501428571428571,1.9228571428571428,0.19857142857142854,35.0
09-27,3.7142857142857144,11.372857142857143,1.9585714285714284,0.09428571428571428,35.0
09-28,2.8957142857142855,10.874285714285715,1.9085714285714286,0.4614285714285714,35.0
09-29,4.017142857142857,11.224285714285715,2.2042857142857146,0.32285714285714284,35.0
09-30,4.331428571428571,11.697142857142856,2.205714285714286,0.7857142857142857,35.0
10-01,3.6599999999999997,10.774285714285716,2.112857142857143,1.4628571428571429,35.0
10-02,3.46,10.117142857142857,2.112857142857143,1.6942857142857142,35.0
10-03,3.3771428571428572,9.795714285714286,2.23,1.4828571428571429,35.0
10-04,3.12,8.99,2.1114285714285717,3.067142857142857,35.0
10-05,3.532857142857143,9.555714285714286,2.3400000000000003,1.0642857142857143,35.0
10-06,2.9885714285714284,8.911428571428571,2.5614285714285714,1.72,35.0
10-07,2.4114285714285715,9.634285714285713,2.092857142857143,1.1014285714285716,35.0
10-08,2.6514285714285712,9.63,2.177142857142857,1.0742857142857143,35.0
10-09,2.2485714285714287,9.247142857142856,1.9314285714285713,0.8742857142857142,35.0
10-10,1.9814285714285713,9.389999999999999,2.1457142857142855,0.18571428571428572,35.0
10-11,2.5614285714285714,9.515714285714287,2.4357142857142855,0.39,35.0
10-12,1.9085714285714286,8.24,2.224285714285714,1.1728571428571428,35.0
10-13,1.7642857142857142,7.775714285714285,2.33,0.6371428571428571,35.0
10-14,1.2457142857142858,7.65,2.3842857142857143,1.1842857142857144,35.0
10-15,0.9071428571428571,7.377142857142857,1.9642857142857142,0.8014285714285714,35.0
10-16,1.362857142857143,7.784285714285714,1.9485714285714286,1.0157142857142858,35.0
10-17,1.3857142857142857,7.872857142857143,2.367142857142857,0.9957142857142858,35.0
10-18,1.4757142857142858,7.7785714285714285,2.3,0.4757142857142857,35.0
10-19,1.4071428571428573,7.832857142857142,1.9885714285714284,0.058571428571428566,35.0
10-20,1.032857142857143,8.248571428571429,1.9114285714285717,0.4442857142857143,35.0
10-21,1.0685714285714285,7.745714285714286,2.1328571428571426,0.6514285714285714,35.0
10-22,1.1714285714285715,7.602857142857143,2.1799999999999997,1.0485714285714287,35.0
10-23,1.1828571428571428,7.027142857142857,2.162857142857143,1.5714285714285714,35.0
10-24,0.6185714285714285,6.635714285714286,2.0642857142857145,0.18,35.0
10-25,0.6214285714285716,6.6728571428571435,2.2214285714285715,0.48000000000000004,35.0
10-26,0.16571428571428568,6.390000000000001,2.28,0.5128571428571428,35.0
10-27,0.10428571428571431,6.0128571428571425,2.505714285714286,0.71,35.0
10-28,0.22714285714285717,6.569999999999999,2.507142857142857,0.5242857142857144,35.0
10-29,0.36428571428571427,6.362857142857142,2.274285714285714,0.6614285714285714,35.0
10-30,-0.3242857142857143,5.288571428571428,2.3457142857142856,0.3314285714285714,35.0
10-31,-1.07,5.311428571428571,2.0714285714285716,0.8928571428571429,35.0
11-01,-0.4328571428571429,5.691428571428571,2.5,0.3157142857142857,35.0
11-02,-0.6642857142857143,5.42,2.3442857142857143,0.22857142857142856,35.0
11-03,-0.99,5.2057142857142855,2.13,0.5028571428571429,35.0
11-04,-1.3928571428571428,5.188571428571429,1.85,0.14285714285714285,35.0
11-05,-0.7714285714285715,5.144285714285715,2.267142857142857,0.63,35.0
11-06,-1.372857142857143,4.758571428571429,2.12,0.27714285714285714,35.0
11-07,-1.4885714285714287,4.6328571428571435,2.162857142857143,0.14142857142857143,35.0
11-08,-0.8042857142857143,4.941428571428571,2.21,0.03571428571428571,35.0
11-09,-0.9514285714285714,5.041428571428571,2.23,0.57,35.0
11-10,-1.97,3.6285714285714286,2.5085714285714285,1.0799999999999998,35.0
11-11,-2.455714285714286,3.0971428571428574,2.23,0.42857142857142855,35.0
11-12,-2.1042857142857145,3.2514285714285713,2.4357142857142855,0.5971428571428572,35.0
11-13,-1.6157142857142857,4.27,2.2285714285714286,0.4057142857142857,35.0
11-14,-1.602857142857143,3.8042857142857143,2.157142857142857,0.1842857142857143,35.0
11-15,-2.1942857142857144,3.82,2.082857142857143,0.6928571428571428,35.0
11-16,-1.9228571428571428,3.9628571428571426,2.3457142857142856,0.4042857142857143,35.0
11-17,-2.13,3.0985714285714288,2.3242857142857143,0.3628571428571428,35.0
11-18,-1.8457142857142856,3.8042857142857143,2.4028571428571426,1.3028571428571427,35.0
11-19,-2.0914285714285716,3.407142857142857,2.4014285714285712,0.4142857142857143,35.0
11-20,-2.6028571428571428,3.06,2.1542857142857144,0.36142857142857143,35.0
11-21,-2.9971428571428573,2.612857142857143,2.36,0.05714285714285714,35.0
11-22,-2.95,2.774285714285714,2.0285714285714285,0.23142857142857146,35.0
11-23,-3.065714285714286,2.47,2.3128571428571427,0.9485714285714286,35.0
11-24,-3.25,2.5342857142857143,2.337142857142857,0.6142857142857143,35.0
11-25,-3.63,1.6114285714285714,2.047142857142857,0.09142857142857141,35.0
11-26,-3.507142857142857,1.6842857142857144,2.177142857142857,0.8685714285714285,35.0
11-27,-3.9199999999999995,1.5842857142857143,2.2457142857142856,0.8785714285714286,35.0
11-28,-4.102857142857142,1.882857142857143,2.0914285714285716,0.74,35.0
11-29,-3.7071428571428573,1.56,2.2985714285714285,0.48714285714285716,35.0
11-30,-3.6628571428571424,1.052857142857143,2.355714285714286,0.6342857142857142,35.0
12-01,-3.7928571428571427,1.4814285714285713,2.157142857142857,0.4257142857142857,35.0
12-02,-4.277142857142858,1.3228571428571427,2.16,0.15428571428571428,35.0
12-03,-4.355714285714285,0.5914285714285715,2.0357142857142856,0.13285714285714287,35.0
12-04,-4.804285714285714,0.6228571428571429,2.2357142857142858,0.3657142857142857,35.0
12-05,-5.005714285714285,0.1971428571428572,2.3414285714285716,0.04285714285714286,35.0
12-06,-5.267142857142857,-0.035714285714285726,2.0228571428571427,0.06999999999999999,35.0
12-07,-4.83,0.26285714285714296,1.79,0.07428571428571429,35.0
12-08,-4.975714285714286,0.3057142857142857,2.0085714285714285,0.5257142857142857,35.0
12-09,-4.8271428571428565,0.47,2.2114285714285717,0.28714285714285714,35.0
12-10,-5.1171428571428565,0.4185714285714286,2.2,0.43,35.0
12-11,-5.515714285714286,-0.11714285714285719,2.26,0.1842857142857143,35.0
12-12,-4.7942857142857145,0.20714285714285718,2.0628571428571427,0.1457142857142857,35.0
12-13,-4.609999999999999,0.6657142857142856,2.1757142857142857,0.47285714285714286,35.0
12-14,-4.34,0.45999999999999996,2.337142857142857,0.5514285714285715,35.0
12-15,-4.467142857142857,-0.018571428571428607,2.4028571428571426,1.0885714285714285,35.0
12-16,-5.111428571428571,-0.05428571428571435,2.3,0.32571428571428573,35.0
12-17,-5.667142857142857,-0.3785714285714285,1.97,0.14285714285714285,35.0
12-18,-5.784285714285714,-0.8814285714285713,2.11,0.09857142857142856,35.0
12-19,-6.1,-0.7628571428571428,2.315714285714286,0.08,35.0
12-20,-5.498571428571428,-0.84,2.2728571428571427,0.24428571428571424,35.0
12-21,-5.752857142857143,-1.0842857142857143,2.474285714285714,0.48999999999999994,35.0
12-22,-5.854285714285714,-1.2442857142857144,2.1142857142857143,0.14857142857142858,35.0
12-23,-6.398571428571429,-1.6214285714285714,2.3514285714285714,0.3842857142857143,35.0
12-24,-6.388571428571429,-1.2614285714285713,2.174285714285714,0.48999999999999994,35.0
12-25,-5.604285714285714,-0.9157142857142856,2.1657142857142855,1.25,35.0
12-26,-5.461428571428572,-0.8157142857142856,2.1685714285714286,0.43857142857142856,35.0
12-27,-5.308571428571429,-0.41285714285714287,2.005714285714286,0.34857142857142853,35.0
12-28,-5.527142857142857,-0.17142857142857146,2.2114285714285717,0.40285714285714286,35.0
12-29,-5.731428571428571,-1.4685714285714286,2.2314285714285713,0.8928571428571429,35.0
12-30,-6.2,-1.3342857142857143,2.2985714285714285,0.7571428571428571,35.0
12-31,-7.005714285714285,-2.1728571428571426,2.2823529411764705,0.20285714285714285,35.0
