date,sentiment
2017-01-08,3.1236405390664004
2017-01-09,3.27467168867588
2017-01-10,1.7867791689932344
2017-01-11,0.21593408612534393
2017-01-12,1.0573640484362838
2017-01-13,0.39732166938483715
2017-01-14,0.49138665199279774
2017-01-15,0.004640767350792899
2017-01-16,6.332881087146233
2017-01-17,1.0870213359594343
2017-01-18,0.7276927754282949
2017-01-19,0.4966152459383008
2017-01-20,-0.007086414843797795
2017-01-22,0.0213119238615036
2017-01-23,0.5215989751741289
2017-01-24,0.2580683231353761
2017-01-25,-0.4773791413754226
2017-01-26,1.6004358008503912
2017-01-27,2.6428272321354593
2017-01-28,0.0969784669578076
2017-01-29,0.14119097217917442
2017-01-30,0.0114512154832482
2017-01-31,0.48391148447990395
2017-02-01,0.3633664399385452
2017-02-02,0.5833772241603582
2017-02-03,0.3296076096594333
2017-02-04,-0.0125258713960647
2017-02-05,0.2591892182826995
2017-02-06,0.8003921657800674
2017-02-07,0.4062650501728058
2017-02-08,0.8459023311734198
2017-02-09,1.942708175629377
2017-02-10,4.079746263101697
2017-02-11,0.40113253891468037
2017-02-12,0.2464013807475566
2017-02-13,1.0816307216882703
2017-02-14,0.822744585573673
2017-02-15,1.9115195497870443
2017-02-16,2.292138328775763
2017-02-17,1.4653888712637124
2017-02-18,-0.12304309010505671
2017-02-19,0.0601924248039723
2017-02-20,0.5103814899921416
2017-02-21,0.3090877477079629
2017-02-22,-0.05579822510480889
2017-02-23,-0.7946888199076056
2017-02-24,-0.2766015827655793
2017-02-25,-0.1932409666478633
2017-02-27,0.0327169727534055
2017-02-28,0.7745540775358676
2017-03-01,4.225458556786179
2017-03-02,0.7333622053265569
2017-03-03,0.6438929811120033
2017-03-04,0.1788244098424911
2017-03-05,0.8999888636171814
2017-03-06,0.45889234356582137
2017-03-07,1.430219101719558
2017-03-08,2.586741097271442
2017-03-09,2.4443730339407916
2017-03-10,2.5856154710054393
2017-03-11,0.6637319773435593
2017-03-13,0.1193535327911377
2017-03-14,0.0407733842730522
2017-03-15,0.5902796629816291
2017-03-16,1.0809901654720304
2017-03-17,0.8683085441589354
2017-03-18,0.0069762910716235
2017-03-19,0.32321278750896437
2017-03-20,0.9986342024058101
2017-03-21,0.5047158896923064
2017-03-22,-0.08030445873737331
2017-03-23,0.5610382892191408
2017-03-24,0.0076704025268554965
2017-03-25,0.2506576562300323
2017-03-26,0.4357109516859054
2017-03-27,1.6650402396917343
2017-03-28,2.131152629852295
2017-03-29,2.6338366556446995
2017-03-30,0.6815128475427628
2017-03-31,0.5960107930004594
2017-04-01,1.4062213599681852
2017-04-02,0.0423374213278293
2017-04-03,1.0217461846768854
2017-04-04,-1.1462925672531128
2017-04-05,0.129510223865509
2017-04-06,2.569016313180327
2017-04-07,3.4659843277186146
2017-04-08,0.0412874221801757
2017-04-09,0.2541412748396396
2017-04-10,1.610905496403575
2017-04-11,1.067233297973871
2017-04-12,1.0424013631418345
2017-04-13,1.6480472832918167
2017-04-14,0.3461563885211944
2017-04-15,0.3980135172605514
2017-04-17,1.7579372934997077
2017-04-18,0.6810367405414579
2017-04-19,1.6550441682338712
2017-04-20,0.7274993583559988
2017-04-21,0.9488637233152983
2017-04-23,0.401830643415451
2017-04-24,0.5341153666377066
2017-04-25,2.25344508793205
2017-04-26,2.9665044657886024
2017-04-27,0.573878174647689
2017-04-28,0.8775952607393264
2017-04-29,0.37989034503698327
2017-04-30,0.5926395803689957
2017-05-01,0.9569187927991152
2017-05-02,0.6726332716643808
2017-05-03,0.503904644399881
2017-05-04,0.9693151488900182
2017-05-05,1.4688085783272977
2017-05-07,0.2734908163547515
2017-05-08,0.9725427180528639
2017-05-09,3.523359607206657
2017-05-10,7.319336425513028
2017-05-11,3.5590202892199154
2017-05-12,0.14239008724689478
2017-05-13,0.3627909123897552
2017-05-14,0.2644308805465698
2017-05-15,2.3254793211817737
2017-05-16,0.9680319130420681
2017-05-17,0.6720602735877036
2017-05-18,-0.10066824406385416
2017-05-19,-0.062425851821899414
2017-05-21,-0.05759822577238079
2017-05-22,0.3141118492931127
2017-05-23,1.3538519497960806
2017-05-24,1.312131522223353
2017-05-25,1.9320689141750336
2017-05-26,0.86884100921452
2017-05-27,0.6310553494840858
2017-05-28,0.3966521732509136
2017-05-29,1.2785327434539793
2017-05-30,4.154707987792789
2017-05-31,1.493188969790935
2017-06-01,0.5384473204612732
2017-06-02,0.0194436833262443
2017-06-03,0.2517554536461829
2017-06-04,-0.06654155254364008
2017-06-05,0.7654185369610786
2017-06-06,0.47788640484213807
2017-06-07,0.7984540872275828
2017-06-08,1.4441231675446031
2017-06-09,3.3771362304687496
2017-06-10,1.3137346422299738
2017-06-11,-0.10294556617736822
2017-06-12,1.6550719179213043
2017-06-13,1.9447871297597883
2017-06-14,0.4721021130681037
2017-06-15,0.0126124676316976
2017-06-16,0.06133371591567993
2017-06-18,0.007631886750459602
2017-06-19,2.8040723390877247
2017-06-20,2.2158022485673423
2017-06-21,0.3081671204417942
2017-06-22,0.8685541681479662
2017-06-23,0.36359146609902376
2017-06-24,0.2110643833875656
2017-06-25,-0.0227843206375837
2017-06-26,0.44101492315530777
2017-06-27,8.81144245364703
2017-06-28,1.463519103825092
2017-06-29,1.619227513670921
2017-06-30,1.7869650498032565
2017-07-02,-0.3303619772195815
2017-07-03,1.5394633337855337
2017-07-04,1.2430783752351997
2017-07-05,5.751022655516862
2017-07-06,1.7783033978193996
2017-07-07,0.7825026363134383
2017-07-08,0.2772402837872504
2017-07-09,0.599248617887497
2017-07-10,1.0017113536596298
2017-07-11,0.9996889382600782
2017-07-12,1.2565891556441784
2017-07-13,0.9690577015280724
2017-07-14,1.2354571074247358
2017-07-15,-0.06346975266933441
2017-07-16,0.5873015262186528
2017-07-17,1.5595259964466095
2017-07-18,0.08200249075889576
2017-07-19,0.2321391003206373
2017-07-20,0.31708225863985706
2017-07-21,1.6322748772799966
2017-07-22,0.2897992827929556
2017-07-23,0.6291773617267609
2017-07-24,1.476995315402746
2017-07-25,2.2413576114922757
2017-07-26,0.7119640577584505
2017-07-27,1.1247556954622266
2017-07-28,0.4795701429247856
2017-07-29,0.591119512915611
2017-07-30,0.1789256408810615
2017-07-31,1.595051314681768
2017-08-01,4.452719528228044
2017-08-02,1.1363600119948385
2017-08-03,1.9894815683364866
2017-08-04,-0.09047953039407736
2017-08-05,0.3895568028092384
2017-08-06,0.6612060777842999
2017-08-07,0.1865002661943435
2017-08-08,0.7818630784749985
2017-08-09,-0.5023702532052994
2017-08-10,2.552426535636186
2017-08-11,2.52114055189304
2017-08-12,1.1938471496105194
2017-08-13,0.926445573568344
2017-08-14,2.440461164107546
2017-08-15,0.9947793968021867
2017-08-16,1.1517043970525263
2017-08-17,1.584975190460682
2017-08-18,0.6280363276600835
2017-08-19,0.2549754232168197
2017-08-20,0.4309937208890915
2017-08-21,3.654369764029979
2017-08-22,1.3356869183480737
2017-08-23,0.1501903086900711
2017-08-24,2.368212389061227
2017-08-25,1.3380106240510936
2017-08-26,0.1207707449793815
2017-08-27,-0.4224434867501259
2017-08-28,0.9105819310061632
2017-08-29,1.4344099662266667
2017-08-30,0.5843607485294339
2017-08-31,2.047929551452398
2017-09-01,1.2852744311094282
2017-09-02,0.2622196078300476
2017-09-03,0.3686433322727679
2017-09-04,0.5601582750678061
2017-09-05,1.151292935013771
2017-09-06,0.1783605515956878
2017-09-07,1.4800925031304357
2017-09-08,0.5026517952792344
2017-09-09,0.9153087073937058
2017-09-10,1.0344058871269226
2017-09-11,-0.15642897039651876
2017-09-12,0.2718794536776839
2017-09-13,0.055025726556777954
2017-09-14,0.9943361580371854
2017-09-15,1.4611431732773776
2017-09-16,2.335175126791
2017-09-18,2.230992518365383
2017-09-19,1.529864102602005
2017-09-20,1.429009236395359
2017-09-21,-0.7510130777955052
2017-09-22,0.19819211959838848
2017-09-23,-0.5172805488109588
2017-09-24,0.05189449340105061
2017-09-25,-0.2373479008674621
2017-09-26,2.941464904695749
2017-09-27,-0.044339917600155015
2017-09-28,0.46397523581981637
2017-09-29,1.1018345504999159
2017-09-30,0.7387641817331314
2017-10-01,0.0120893102139234
2017-10-02,1.7669817805290218
2017-10-03,1.0624505206942558
2017-10-04,0.7427728921175002
2017-10-05,-0.018652126193046736
2017-10-06,0.34068159013986576
2017-10-07,-0.6550641283392904
2017-10-08,0.1384985446929931
2017-10-09,-0.23643292486667622
2017-10-10,6.522405415773391
2017-10-11,3.668724201619624
2017-10-12,1.208794940263033
2017-10-13,0.11204184591770161
2017-10-14,1.1902747452259064
2017-10-15,0.5235871337354182
2017-10-16,1.000036261975765
2017-10-17,1.4571934491395948
2017-10-18,1.0654713506810367
2017-10-19,1.9124125540256496
2017-10-20,0.5119491796940564
2017-10-21,-0.0268259979784488
2017-10-22,0.2780937850475311
2017-10-23,0.9360720757395027
2017-10-24,0.7625215258449315
2017-10-25,-0.012060124427080196
2017-10-26,6.164555694907903
2017-10-27,2.4385682120919223
2017-10-28,0.385205440223217
2017-10-29,0.2428308874368667
2017-10-30,1.4040372595191
2017-10-31,1.4017615541815756
2017-11-01,1.2346700727939603
2017-11-02,1.606541449204087
2017-11-03,1.8046600450761612
2017-11-04,0.5262877121567724
2017-11-08,0.0742557942867279
2017-11-10,0.8092047125101088
2017-11-11,0.065785676240921
2017-11-12,0.3671515211462975
2017-11-13,1.015698380768299
2017-11-14,2.5021726191043854
2017-11-15,1.4378204047679901
2017-11-16,1.2231796029955149
2017-11-17,1.632923886179924
2017-11-18,0.3625513911247253
2017-11-19,0.5150847472250459
2017-11-20,0.592006066814065
2017-11-21,1.7005947232246397
2017-11-22,2.3759474605321884
2017-11-23,0.5184999108314513
2017-11-24,0.8323642145842314
2017-11-25,0.6639140099287032
2017-11-26,0.6505382359027863
2017-11-27,4.318736663553863
2017-11-28,1.5551790148019788
2017-11-29,1.5673718117177484
2017-11-30,0.25699691474437697
2017-12-04,1.3612549193203447
2017-12-05,1.3639018982648847
2017-12-06,0.8090490028262136
2017-12-07,-0.07789990305900578
2017-12-08,5.018842853605746
2017-12-09,0.3830530121922492
2017-12-10,0.32700955122709274
2017-12-11,1.942467506974935
2017-12-12,0.3754511773586273
2017-12-13,3.1747857406735416
2017-12-14,1.8185098329558964
2017-12-15,0.9400488287210462
2017-12-16,0.2874313741922379
2017-12-17,0.16031356155872342
2017-12-18,0.3486332185566424
2017-12-19,1.3101929575204847
2017-12-20,0.7374598747119305
2017-12-21,1.8834807761013506
2017-12-22,-0.6368948593735696
2017-12-23,0.02638242393732071
2017-12-24,-0.36565452441573143
2017-12-25,0.3621690422296524
2017-12-26,0.739816479384899
2017-12-27,2.151103876531124
2017-12-28,0.5902500748634336
2017-12-29,1.2647774070501325
2017-12-30,0.8547101020812988
2017-12-31,-0.1694504916667937
2018-01-01,0.4527611881494522
2018-01-02,0.802415397018194
2018-01-03,0.8098653098568316
2018-01-04,0.3587163910269736
2018-01-05,1.4787638001143932
2018-01-06,0.1078357771039009
2018-01-07,0.2619607150554657
2018-01-08,5.851442351937293
2018-01-09,0.5170878767967224
2018-01-10,0.6540711484849453
2018-01-11,0.5941531509160995
2018-01-14,0.6052605360746381
2018-01-15,0.502876028418541
2018-01-16,1.2761205546557899
2018-01-17,0.404875759035349
2018-01-18,1.6378733133897185
2018-01-19,2.4998816717416044
2018-01-20,0.8621369861066341
2018-01-21,0.47947325557470316
2018-01-22,-1.3621763009577987
2018-01-23,1.809587102383375
2018-01-24,-0.6447182858828454
2018-01-25,0.4157695174217223
2018-01-26,0.7893293425440788
2018-01-27,0.1107464507222175
2018-01-28,0.1700823847204447
2018-01-29,1.7504191771149633
2018-01-30,0.3272308707237243
2018-01-31,0.8144848011434078
2018-02-01,-0.45813773572444905
2018-02-02,0.4926910921931264
2018-02-03,0.8534370064735413
2018-02-04,0.2470308095216751
2018-02-05,3.2335130423307414
2018-02-06,0.26194028183817875
2018-02-07,0.1593382209539413
2018-02-08,1.2990976218134163
2018-02-09,2.9041635598987336
2018-02-10,-0.0105335190892219
2018-02-11,1.6977229565382
2018-02-12,0.774082876741886
2018-02-13,1.6629091054201122
2018-02-14,2.285595960915088
2018-02-15,0.1624542623758316
2018-02-16,0.343580037355423
2018-02-17,0.08603905327618128
2018-02-18,-0.7924772948026657
2018-02-19,0.637155294418335
2018-02-20,1.3792317211627958
2018-02-21,0.7011742815375326
2018-02-22,0.17931046814192067
2018-02-23,0.34404650330543507
2018-02-24,0.11472193244844661
2018-02-25,0.3225080519914627
2018-02-26,2.52900175563991
2018-02-27,2.5993639379739757
2018-02-28,0.7799865156412124
2018-03-01,0.8780697584152217
2018-03-02,1.0721948370337482
2018-03-03,0.39582105353474606
2018-03-04,0.6613086623256094
2018-03-05,0.6651620473712682
2018-03-06,0.7649939097464084
2018-03-07,0.43407217692583794
2018-03-08,-0.11023880541324615
2018-03-09,0.5319537844043227
2018-03-10,0.9873480536043643
2018-03-11,-0.09176529198884978
2018-03-12,3.165912587195634
2018-03-13,1.4641111423261461
2018-03-14,1.6988718193024392
2018-03-15,0.2202432602643967
2018-03-16,0.8282421156764029
2018-03-17,0.6843725852668283
2018-03-18,0.3413240909576415
2018-03-19,2.0268444865941997
2018-03-20,1.2059369590133429
2018-03-21,1.1799632925540207
2018-03-22,0.7894508472527376
2018-03-23,1.2483341209590435
2018-03-24,0.2117147073149681
2018-03-26,0.7536857873201369
2018-03-27,4.0420095678418875
2018-03-28,0.38440051674842823
2018-03-29,1.1389300692826505
2018-03-30,0.3222624287009238
2018-03-31,0.1541286706924438
2018-04-01,0.3611752390861511
2018-04-02,0.204529397189617
2018-04-03,1.3269373401999471
2018-04-04,0.9363102167844771
2018-04-05,0.2910000681877135
2018-04-06,0.7082856297492981
2018-04-07,0.5834893975406885
2018-04-08,-0.14652691408991805
2018-04-09,2.1986284330487247
2018-04-10,3.803538125008344
2018-04-11,0.16261041909456259
2018-04-12,0.6426441129297017
2018-04-13,0.7789953425526619
2018-04-14,0.0826488584280014
2018-04-15,0.5916759893298148
2018-04-16,0.5804093722254035
2018-04-17,0.26230819523334503
2018-04-18,-0.11748728156089794
2018-04-19,0.5642068039160221
2018-04-20,-0.4227625355124473
2018-04-21,0.06230482645332801
2018-04-22,0.6497817933559417
2018-04-23,0.8829901516437528
2018-04-24,-0.1428782455623151
2018-04-25,1.0912232547998426
2018-04-26,0.6614932939410209
2018-04-27,0.6421958575956522
2018-04-28,1.180979624390602
2018-04-29,0.1998813450336454
2018-04-30,0.7839613072574136
2018-05-01,0.919636361300945
2018-05-02,-0.09965561330318475
2018-05-03,1.890312406234443
2018-05-04,2.0076180975884195
2018-05-05,0.07339648529887177
2018-05-07,-0.6153556406497954
2018-05-08,0.8783109858632087
2018-05-09,0.1305343881249429
2018-05-10,1.5800379887223241
2018-05-11,1.1496809348464012
2018-05-12,0.9677121713757515
2018-05-13,1.9824728625826535
2018-05-14,2.697519651148468
2018-05-15,0.7794487811625002
2018-05-16,2.03900321945548
2018-05-17,1.714085757732391
2018-05-18,2.265414635650813
2018-05-19,0.1383342244662344
2018-05-21,1.005240272730589
2018-05-22,0.8684512823820112
2018-05-23,0.9965859837830064
2018-05-24,1.932332549244165
2018-05-25,0.6525808125734327
2018-05-26,0.10543854907155029
2018-05-27,0.6021506190299987
2018-05-28,0.1094670072197914
2018-05-29,0.2924348972737789
2018-05-30,7.2947599813342086
2018-05-31,2.542820188682526
2018-06-01,2.699446849524975
2018-06-02,0.3849220611155033
2018-06-04,2.847339071333408
2018-06-05,1.2229140438139439
2018-06-06,0.9387400979176164
2018-06-07,1.1188760772347448
2018-06-08,0.6914663165807722
2018-06-10,0.858854478225112
2018-06-11,2.6052711158990856
2018-06-12,1.304918024688959
2018-06-13,0.7461783289909362
2018-06-14,0.6655457466840744
2018-06-15,1.8402617871761322
2018-06-16,1.6195410862565038
2018-06-17,0.2333413511514663
2018-06-18,1.605789005756378
2018-06-19,0.7076027682051059
2018-06-20,0.3616116549819706
2018-06-21,1.071727700997144
2018-06-22,1.283093675971031
2018-06-23,0.4110294431447981
2018-06-24,0.4800704568624495
2018-06-25,-0.4499692544341088
2018-06-26,1.2209495827555654
2018-06-27,0.9562350129708646
2018-06-28,0.3035831581801176
2018-06-29,0.2533367089927196
2018-06-30,0.2131736129522323
2018-07-01,-0.2177658230066299
2018-07-02,1.7330044975969936
2018-07-03,1.3402829878032205
2018-07-04,1.4021499548107386
2018-07-05,3.721630699932575
2018-07-06,1.2761071380227802
2018-07-07,0.8029880374670029
2018-07-08,-0.0327094346284867
2018-07-09,0.9706766195595264
2018-07-10,2.249934965744614
2018-07-11,3.1643002741038795
2018-07-12,1.75330077111721
2018-07-13,0.6883986182510852
2018-07-14,-0.2291331738233566
2018-07-15,0.6804487407207487
2018-07-16,1.0519084781408305
2018-07-17,1.669487066566944
2018-07-18,-0.6011969745159148
2018-07-19,2.197812914848327
2018-07-20,0.43628489598631837
2018-07-21,0.30288951471447934
2018-07-22,0.301807215437293
2018-07-23,1.0473783314228053
2018-07-24,1.8776302859187122
2018-07-25,0.8009796030819415
2018-07-26,1.5143426395952697
2018-07-27,0.654292434453964
2018-07-28,0.2243613079190253
2018-07-29,0.15798861533403397
2018-07-30,0.8372063450515268
2018-07-31,4.688652340322733
2018-08-01,2.878099747002125
2018-08-02,3.587226146832108
2018-08-03,0.8696905113756654
2018-08-04,0.1487679928541183
2018-08-06,-0.15143844578415158
2018-08-07,1.8494401415809985
2018-08-08,1.7554796012118454
2018-08-09,0.1768045201897621
2018-08-10,2.097386732231825
2018-08-11,0.7537168003618714
2018-08-12,-0.1528893560171127
2018-08-13,0.02964690327644348
2018-08-14,5.190831884741782
2018-08-15,0.623512677848339
2018-08-16,0.3821522518992423
2018-08-17,0.590466649737209
2018-08-18,0.2925462741404771
2018-08-19,-0.2458448559045791
2018-08-20,1.732930373400449
2018-08-21,0.6644638881552964
2018-08-22,0.5233371779322624
2018-08-23,0.0378305986523628
2018-08-24,0.1356366351246833
2018-08-25,-0.0399700887501239
2018-08-26,0.6015229150652884
2018-08-27,0.6512838862836359
2018-08-28,2.9289293177425857
2018-08-29,1.0656804386526346
2018-08-30,1.117054371832637
2018-08-31,1.792806325480342
2018-09-01,0.3681879863142967
2018-09-02,-0.0843650624155999
2018-09-03,1.8985750637948513
2018-09-04,0.8125513009726999
2018-09-05,0.4333792701363563
2018-09-06,0.4477258687838912
2018-09-07,0.4108808413147925
2018-09-09,0.0930872075259685
2018-09-10,1.1595152504742143
2018-09-11,1.3484254971262997
2018-09-12,1.5887351557612415
2018-09-13,4.6515301279723635
2018-09-14,3.027703002095222
2018-09-15,1.6371409744024275
2018-09-16,0.838753744959831
2018-09-17,1.4105092734098432
2018-09-18,0.7470048367977139
2018-09-19,1.7565215071663256
2018-09-20,1.006416611373424
2018-09-21,0.539505437016487
2018-09-22,-0.011125735938549
2018-09-24,0.2246227674186231
2018-09-25,1.6566523760557172
2018-09-26,0.48737826710566867
2018-09-27,2.9955935608595605
2018-09-28,2.2298084795475
2018-09-29,0.6075024008750913
2018-09-30,-0.09580200538039213
2018-10-01,1.3608914720825849
2018-10-02,2.055051565170288
2018-10-03,0.388955920934677
2018-10-04,0.6931284666061399
2018-10-05,0.42142526060342766
2018-10-06,0.3500264734029769
2018-10-07,0.5654677748680114
2018-10-08,0.08186158072203409
2018-10-09,-0.3896248117089271
2018-10-10,2.9144183509051795
2018-10-11,1.837565869092941
2018-10-12,0.4465011097490785
2018-10-13,0.9842612445354461
2018-10-14,0.629328578710556
2018-10-15,1.5353988949209452
2018-10-16,0.6587341129779811
2018-10-17,0.4920632243156432
2018-10-18,1.971007745712995
2018-10-19,1.2772587463259695
2018-10-20,0.8293970674276351
2018-10-21,0.23258780688047398
2018-10-22,0.9010555297136305
2018-10-23,0.05569283850491033
2018-10-24,1.201672088354826
2018-10-25,0.40746061876416195
2018-10-26,0.7464273422956466
2018-10-27,0.44744627177715296
2018-10-28,0.33820751681923855
2018-10-29,2.36641327291727
2018-10-30,0.37183931842446316
2018-10-31,0.49145299568772316
2018-11-01,0.03398967534303665
2018-11-02,0.8968739043921233
2018-11-03,0.0936971241608263
2018-11-04,0.06204584240913377
2018-11-05,1.1295047206804154
2018-11-06,1.626758022670401
2018-11-07,1.1071719601750372
2018-11-08,0.45452446863055207
2018-11-09,1.8493503648787732
2018-11-10,0.6524510607123375
2018-11-11,0.2554765343666076
2018-11-12,0.6740331090986729
2018-11-13,0.32462253980338557
2018-11-14,0.5487588346004485
2018-11-15,0.5352418273687363
2018-11-16,-4.081947898492217
2018-11-17,-0.9641677439212799
2018-11-18,-1.1848726235330103
2018-11-19,-1.3408130360767243
2018-11-20,0.8714060410857196
2018-11-21,3.9942004457116123
2018-11-22,2.837975613772869
2018-11-23,0.22885457053780559
2018-11-24,0.0807907432317734
2018-11-25,0.8189991712570192
2018-11-26,0.44424310326576233
2018-11-27,0.393561478704214
2018-11-28,0.14122579246759404
2018-11-29,0.5102926464751363
2018-11-30,0.4421887397766114
2018-12-01,0.08614186942577351
2018-12-02,-0.04971623793244369
2018-12-03,2.393795557320118
2018-12-04,1.3618569746613498
2018-12-05,0.7239901311695575
2018-12-06,0.37354879081249226
2018-12-07,0.5251128226518629
2018-12-08,0.1080005541443824
2018-12-09,-0.3308703750371932
2018-12-10,0.3855622801929711
2018-12-11,0.20826283842325216
2018-12-12,0.9114865176379681
2018-12-13,3.0363746054936196
2018-12-14,0.528667092323303
2018-12-15,0.1126923486590386
2018-12-16,-0.3722423017024993
2018-12-17,1.7875783387571569
2018-12-18,0.4917186126112935
2018-12-19,0.5730662625283003
2018-12-20,-0.34184260666370403
2018-12-21,1.4883282184600826
2018-12-22,0.11928247287869456
2018-12-23,0.8300393633544443
2018-12-24,-0.2672764109447596
2018-12-25,-0.47199868224561226
2018-12-26,-0.6596977375447748
2018-12-27,0.013625420629977875
2018-12-28,-0.04057255759835263
2018-12-29,-0.2902192324399948
2018-12-30,0.014816831797361318
2018-12-31,-0.5381627194583416
2019-01-01,-0.23360863700509085
2019-01-02,-0.3118328372947874
2019-01-03,-1.2249879962764678
2019-01-04,0.8024939373135564
2019-01-05,0.42098834365606314
2019-01-07,0.3103661388158797
2019-01-08,0.2599282599985599
2019-01-09,0.0331767052412033
2019-01-11,0.0209237281233072
2019-01-13,0.6482988493517038
2019-01-14,0.5507177412509918
2019-01-15,2.801435565110295
2019-01-16,3.8468978609889737
2019-01-17,3.2585205647046673
2019-01-18,0.9264804115227886
2019-01-19,-0.5695375055074692
2019-01-20,0.6664615659974513
2019-01-21,0.27614547312259663
2019-01-22,0.5757228462025522
2019-01-23,0.7702939622104167
2019-01-24,0.025142785161733225
2019-01-25,0.17281609028577785
2019-01-26,0.49614024162292447
2019-02-03,-0.29212075471878046
2019-02-04,-0.03628142736852147
2019-02-05,1.9208667725324626
2019-02-06,-0.39110631216317404
2019-02-07,0.16322658862918624
2019-02-08,0.3790636328049004
2019-02-09,0.4225303158164023
2019-02-10,-0.1698707193136215
2019-02-11,-1.2456391118466854
2019-02-12,-0.03764833509922022
2019-02-13,0.6092757880687711
2019-02-14,0.9203429818153379
2019-02-15,2.6754138583783056
2019-02-16,2.1100713834166527
2019-02-17,0.7815744802355765
2019-02-18,0.47731509339064376
2019-02-19,-0.3527865521609789
2019-02-20,0.5039451755583285
2019-02-21,0.6153120230883359
2019-02-22,2.8200238971039644
2019-02-23,0.660672057420015
2019-02-24,0.06505932658910751
2019-02-25,1.1019893512129781
2019-02-26,0.43401048751547905
2019-02-27,1.8428537398576734
2019-02-28,1.2957924157381056
2019-03-01,-0.2596644610166549
2019-03-02,-0.8395279496908186
2019-03-03,0.5791053660213946
2019-03-04,0.5579862729646264
2019-03-05,2.189636980183422
2019-03-06,0.5092923678457734
2019-03-07,1.5498463138937948
2019-03-08,1.1512999702244995
2019-03-09,1.4048298075795174
2019-03-10,0.7082582861185074
2019-03-11,6.15096116811037
2019-03-12,0.9261973649263381
2019-03-13,1.605000997893512
2019-03-14,0.7870398908853529
2019-03-15,-0.018705016933381502
2019-03-16,0.3910581022500992
2019-03-17,0.6428430229425429
2019-03-18,0.3734972178936003
2019-03-19,3.2879897058010097
2019-03-20,0.9229677021503446
2019-03-21,0.4250667840242386
2019-03-22,-0.2799650430679321
2019-03-24,0.4203313440084457
2019-03-25,2.6025057705119248
2019-03-26,3.444133362732827
2019-03-27,2.172963536519091
2019-03-28,-0.04468409344553975
2019-03-29,2.4201801542076278
2019-03-30,0.9636779949069022
2019-03-31,0.3082880824804306
2019-04-01,-0.07465524086728692
2019-04-02,0.8994153803214427
2019-04-03,0.6015269458293915
2019-04-04,0.27973813470453013
2019-04-05,0.7863993272185323
2019-04-06,0.6308951284736395
2019-04-07,0.1425176858901977
2019-04-08,3.193246722221374
2019-04-09,1.4677317906171081
2019-04-10,0.7110601663589478
2019-04-11,5.766711123287677
2019-04-12,2.11770823597908
2019-04-13,0.4165288889780639
2019-04-14,0.1453844159841537
2019-04-15,1.2233791053295133
2019-04-16,1.65688619017601
2019-04-17,0.4043392315506936
2019-04-18,1.6966322883963583
2019-04-19,1.6998680531978605
2019-04-20,0.2010287418961525
2019-04-21,0.3161597922444343
2019-04-22,0.4639655351638793
2019-04-23,7.203612073848489
2019-04-24,1.6798920333385463
2019-04-25,0.7498645770247092
2019-04-26,1.2318211905658245
2019-04-29,-1.2148509807884693
2019-04-30,1.7036167671903963
2019-05-01,0.2681904435157776
2019-05-02,0.1992423683404922
2019-05-03,0.48917061835527403
2019-05-04,0.1647434402257203
2019-05-05,0.7012319453060625
2019-05-06,0.2202755957841872
2019-05-07,0.7027626112103459
2019-05-08,0.9028629846870898
2019-05-09,0.9846387850120661
2019-05-10,0.7740692235529418
2019-05-11,0.2168647833168506
2019-05-12,0.013487633317708997
2019-05-13,0.8987266942858692
2019-05-14,0.904829118400812
2019-05-15,0.6440143277868627
2019-05-16,0.2029240131378175
2019-05-17,2.473565482534468
2019-05-18,0.1609961837530136
2019-05-21,0.15707642212510092
2019-05-22,-0.04754257947206497
2019-05-23,0.8434208817780016
2019-05-24,2.0080924257636066
2019-05-25,0.5372925028204917
2019-05-27,7.091892957687377
2019-05-28,2.708205494098365
2019-05-29,1.513731598854065
2019-05-30,0.9814410656690595
2019-05-31,0.8136970065534114
2019-06-01,0.417412832379341
2019-06-02,0.2040385007858276
2019-06-03,0.7129693161696193
2019-06-04,-0.1263826992362737
2019-06-05,-0.07057465240359341
2019-06-06,0.18415693566203098
2019-06-07,0.6071129962801932
2019-06-08,0.1880621761083603
2019-06-09,0.2121039777994156
2019-06-10,-0.026975963264703723
2019-06-11,2.2972085848450656
2019-06-12,4.215573862195014
2019-06-13,1.1671582402195781
2019-06-14,0.6248401701450347
2019-06-15,0.41325731575489044
2019-06-16,0.7267326191067695
2019-06-17,5.510387232527136
2019-06-18,8.413393676280975
2019-06-19,3.23699115216732
2019-06-20,1.016978058964014
2019-06-21,-0.011929820873774704
2019-06-24,-0.5458035320043564
2019-06-26,0.31281162053346634
2019-06-27,0.4110357239842414
2019-06-28,0.015399849042296299
2019-06-29,0.4716566689312458
2019-06-30,0.17838113009929651
2019-07-01,0.7299387603998184
2019-07-02,4.301978301256894
2019-07-03,1.7916316073387857
2019-07-04,0.3463464230298995
2019-07-05,0.5332859493792057
2019-07-06,0.053292047232389304
2019-07-07,0.623680680990219
2019-07-08,1.4288167543709276
2019-07-09,0.514308325946331
2019-07-10,0.9120042547583578
2019-07-11,1.9045614153146744
2019-07-12,1.349742958322167
2019-07-13,-0.0075905062258243
2019-07-14,1.3148030489683151
2019-07-15,1.6859180831816045
2019-07-16,0.6478503197431563
2019-07-17,0.42793619632720936
2019-07-18,0.0890688821673392
2019-07-19,1.3424521591514345
2019-07-20,0.10873124003410328
2019-07-21,0.23084055632352818
2019-07-22,0.4197156392037867
2019-07-23,5.054924466676311
2019-07-24,0.24543466605246061
2019-07-25,-0.3176550213247538
2019-07-26,0.451601505279541
2019-07-27,0.03254957869648942
2019-07-28,-0.2452525030821561
2019-07-29,3.8943437635898586
2019-07-30,3.640731671825051
2019-07-31,1.1336675249040125
2019-08-01,1.3903357237577436
2019-08-02,0.466762133873999
2019-08-03,-0.3529251208528875
2019-08-04,-0.046994991600513625
2019-08-05,-1.6372089125216007
2019-08-06,0.07555491710081658
2019-08-07,-0.5742755904793739
2019-08-08,0.5009290650486947
2019-08-09,0.5759205743670461
2019-08-10,0.2456566281616686
2019-08-11,0.36667662113904953
2019-08-12,0.1796662984415888
2019-08-13,2.083352475427091
2019-08-14,0.8238009596243501
2019-08-15,3.8667223602533336
2019-08-16,4.1555365044623604
2019-08-17,0.9749751444905995
2019-08-19,2.6560132354497905
2019-08-20,1.315464373677969
2019-08-21,0.5915543623268603
2019-08-22,0.2164956629276275
2019-08-23,0.2308840900659561
2019-08-24,-0.2072127759456634
2019-08-25,0.8922511041164397
2019-08-26,2.9064984377473593
2019-08-27,2.0903704706579442
2019-08-28,1.3011935306712983
2019-08-29,1.0903166010975835
2019-08-30,2.2725437264889474
2019-08-31,0.6026352569460867
2019-09-02,0.8283155113458633
2019-09-03,0.17771197203546737
2019-09-04,2.3093047775328155
2019-09-05,0.3418839871883392
2019-09-06,0.7294977474957705
2019-09-07,0.2105756225064396
2019-09-08,0.22309347987174988
2019-09-09,0.6997279264032841
2019-09-10,9.494968755170701
2019-09-11,1.1589130815118551
2019-09-12,0.2909069061279295
2019-09-13,-0.04873098433017731
2019-09-14,0.48632463812828053
2019-09-15,0.025656670331954803
2019-09-16,0.573597053065896
2019-09-17,2.8916339306160803
2019-09-18,1.1495361598208542
2019-09-19,1.1282987929880617
2019-09-20,1.2573335058987136
2019-09-21,0.0566974468529224
2019-09-22,0.0361649245023728
2019-09-23,1.2543732672929764
2019-09-24,0.665261985734105
2019-09-25,0.596301931887865
2019-09-26,2.7651456677122037
2019-09-27,1.3211639272049067
2019-09-28,1.1239167670719323
2019-09-29,0.719701727852225
2019-09-30,0.7851611524820326
2019-10-01,2.3240078259259462
2019-10-02,1.7156675364822145
2019-10-03,0.6368130603805183
2019-10-04,0.32978243380784983
2019-10-05,0.46326473355293274
2019-10-06,-0.03714190423488617
2019-10-07,3.1275569545105095
2019-10-08,0.16037344932556147
2019-10-09,0.09913621190935379
2019-10-10,1.3742868676781652
2019-10-11,0.23867580294609061
2019-10-12,-0.06203399598598479
2019-10-13,1.4135933592915535
2019-10-14,2.31443016603589
2019-10-15,2.185248577967286
2019-10-16,0.9228299707174301
2019-10-17,0.427924419753253
2019-10-18,-0.3620601743459699
2019-10-19,0.0808243323117494
2019-10-20,0.469923824071884
2019-10-21,0.5706541612744329
2019-10-22,5.80487986980006
2019-10-23,1.4889717400074
2019-10-24,1.4581287894397972
2019-10-25,0.8619602620601652
2019-10-26,0.1172062084078788
2019-10-27,-0.0635101646184921
2019-10-28,3.5051766373217097
2019-10-29,4.232966172974557
2019-10-30,0.5383611693978307
2019-10-31,1.009319983422756
2019-11-01,0.5227459073066709
2019-11-02,-0.03176072239875799
2019-11-03,-0.2184546496719121
2019-11-04,0.823469489812851
2019-11-05,2.6708490801975127
2019-11-06,1.5218229517340656
2019-11-07,2.110330685973167
2019-11-08,0.9744760133326053
2019-11-09,-0.1515793055295944
2019-11-11,0.8489062041044233
2019-11-12,1.3601187802851198
2019-11-13,0.7366486117243767
2019-11-14,2.4525846540927883
2019-11-15,1.7620189413428302
2019-11-16,1.1995137622579932
2019-11-17,0.4303845986723899
2019-11-18,1.395790386945009
2019-11-19,6.619959440082311
2019-11-20,2.079276137053966
2019-11-21,0.5999144203960896
2019-11-22,0.9860635101795194
2019-11-23,0.014809035346843101
2019-11-24,0.1991069018840788
2019-11-25,3.1748747155070305
2019-11-26,1.7193666957318778
2019-11-27,2.6242682891897853
2019-11-28,1.0503836646676061
2019-11-29,0.6714155226945876
2019-11-30,0.161427840590477
2019-12-01,0.5039792656898499
2019-12-02,2.9191971421241756
2019-12-03,2.646238006651401
2019-12-04,0.8592784609645605
2019-12-05,2.143497057259083
2019-12-06,0.5964604355394838
2019-12-07,0.1515780352056027
2019-12-08,-0.16533840447664272
2019-12-09,0.3265208303928374
2019-12-10,2.814903047867119
2019-12-11,0.5244734089355914
2019-12-12,0.3336357623338699
2019-12-13,2.181889504194259
2019-12-14,0.1444956213235855
2019-12-16,0.0013151137391105
2019-12-17,0.027567967772483798
2019-12-18,10.194252379238604
2019-12-19,1.8338616285473108
2019-12-20,3.2943396382033825
2019-12-21,0.2505977377295494
2019-12-22,0.5474676191806793
2019-12-23,0.1411188188940286
2019-12-24,0.8045049682259557
2019-12-25,1.4983883220702408
2019-12-26,1.2949684262275691
2019-12-27,0.6512496238574383
2019-12-28,1.2261197268962858
2019-12-29,0.5615121163427828
2019-12-30,0.07130920141935343
2019-12-31,2.024139083921909
2020-01-01,0.1788491457700729
2020-01-02,-0.4905546121299267
2020-01-03,3.622031338512897
2020-01-04,0.4111586175858973
2020-01-05,0.2318158745765686
2020-01-06,9.38615928031504
2020-01-07,2.0598093234002586
2020-01-08,1.6256579998880623
2020-01-09,1.3191515961661933
2020-01-10,1.502066358923912
2020-01-11,0.45084811747074116
2020-01-12,1.0633508292958138
2020-01-13,1.826875619590282
2020-01-14,0.3212036974728106
2020-01-15,1.0385124399326742
2020-01-16,1.1102259606122968
2020-01-17,1.5499904723837967
2020-01-18,1.180846862494945
2020-01-19,0.6991859823465345
2020-01-20,-0.07621768163517097
2020-01-21,3.6745854811742893
2020-01-22,2.0935083860531445
2020-01-23,1.2626638598740099
2020-01-24,0.9871378913521766
2020-01-25,0.503609225153923
2020-01-26,0.0097163654863834
2020-01-27,1.7845328897237775
2020-01-28,1.5604777932167053
2020-01-29,0.14246422611176957
2020-01-30,0.3126553986221551
2020-01-31,1.1536306738853455
2020-02-01,0.3675958663225173
2020-02-02,0.37663010507822026
2020-02-03,1.6981830894947052
2020-02-04,6.368030629120766
2020-02-05,3.3169281175360075
2020-02-06,1.0908069759607313
2020-02-07,0.8126239180564877
2020-02-08,-0.5206090044230222
2020-02-10,0.2437793910503387
2020-02-12,0.4882171303033828
2020-02-13,0.47415952384471893
2020-02-14,0.21185036096721854
2020-02-15,0.6289771497249602
2020-02-16,1.3417279720306396
2020-02-17,2.1927870050640186
2020-02-18,1.4327008351683612
2020-02-19,1.2595594376325605
2020-02-20,2.032566636800766
2020-02-21,1.975487427785992
2020-02-22,-1.144417962990701
2020-02-23,0.41171562671661366
2020-02-24,0.08779147174209367
2020-02-25,-0.5462430268526077
2020-02-26,0.6717821657657621
2020-02-27,0.11227931082248688
2020-02-28,1.3251041173934934
2020-02-29,0.3266525268554687
2020-03-01,0.3022577613592148
2020-03-02,-2.0465692030265923
2020-03-03,0.004176737740635816
2020-03-04,0.17150211054831738
2020-03-05,1.125821027904749
2020-03-06,2.0749376788735385
2020-03-07,-1.5380939077585933
2020-03-08,-0.1977211460471152
2020-03-09,0.8037080466747282
2020-03-10,0.9037043638527393
2020-03-11,0.9016281422227621
2020-03-12,1.6585725955665107
2020-03-13,0.3716508075594902
2020-03-14,0.6465464383363723
2020-03-15,0.7142722234129905
2020-03-16,-0.14613070338964462
2020-03-17,-0.1753031350672246
2020-03-18,0.393305879086256
2020-03-19,1.4924237895756955
2020-03-20,1.5510568972676992
2020-03-22,0.4974994063377379
2020-03-23,4.858821030706166
2020-03-24,5.748405091464519
2020-03-25,2.3315547853708263
2020-03-26,1.4636299656704066
2020-03-27,1.679370708763599
2020-03-28,0.0342194065451622
2020-03-29,0.2579256035387515
2020-03-30,0.7628232464194296
2020-03-31,0.633451297879219
2020-04-01,0.1263168156147003
2020-04-02,5.75329516455531
2020-04-03,1.299168400466442
2020-04-04,0.0304596554487943
2020-04-05,0.3151641711592674
2020-04-06,2.256575487554073
2020-04-07,1.651202257722616
2020-04-08,2.4977552443742748
2020-04-09,0.49543865025043476
2020-04-10,0.31481728609651316
2020-04-12,0.25831086933612823
2020-04-13,0.7540348172187803
2020-04-14,0.9861811872106044
2020-04-15,1.423766627907753
2020-04-16,2.0280294828116894
2020-04-17,2.6857257820665827
2020-04-18,0.1841949522495269
2020-04-19,0.5885968916118145
2020-04-20,1.9421783350408073
2020-04-21,-1.1560564078390598
2020-04-22,1.0647798720747228
2020-04-23,0.8660289421677587
2020-04-24,2.1764908917248245
2020-04-25,0.08323603216558699
2020-04-26,0.1584951430559158
2020-04-27,5.095626831054687
2020-04-28,1.8525264386553313
2020-04-29,0.2690936625003814
2020-04-30,1.2358350176364183
2020-05-01,0.7105496004223821
2020-05-03,0.1918837428092956
2020-05-04,4.21464342623949
2020-05-05,2.926757246255874
2020-05-06,2.037494823336601
2020-05-07,0.6876718699932097
2020-05-08,0.5100261270999908
2020-05-09,0.2743529975414276
2020-05-11,0.8270661011338234
2020-05-12,1.5018784292042253
2020-05-13,0.9359553083777425
2020-05-14,8.713357634842396
2020-05-15,3.1713793072849508
2020-05-16,1.137177601456642
2020-05-17,0.20224428921937937
2020-05-18,2.3851996809244156
2020-05-19,-0.04272641241550465
2020-05-20,0.565745621919632
2020-05-21,1.5826807394623754
2020-05-22,9.652229396626351
2020-05-23,1.0558894723653791
2020-05-24,1.5683437585830688
2020-05-25,0.9923768043518065
2020-05-26,2.563344497233629
2020-05-27,1.882359996438026
2020-05-28,1.9246616251766677
2020-05-29,0.9720578063279389
2020-05-30,-0.2127468287944793
2020-05-31,-0.36780060082674026
2020-06-01,1.470319777727127
2020-06-02,0.6651311330497263
2020-06-03,0.903642416000366
2020-06-04,1.0307763703167439
2020-06-05,0.4496011435985565
2020-06-06,1.0678156744688747
2020-06-07,1.0840441770851608
2020-06-08,0.6206937669776379
2020-06-09,1.356557724997401
2020-06-10,2.244118189439177
2020-06-11,1.5561346467584365
2020-06-12,0.7036652266979218
2020-06-13,0.2611002735793589
2020-06-14,0.49474208056926716
2020-06-15,0.2411855063401164
2020-06-16,1.5037438529543576
2020-06-17,1.3503323495388027
2020-06-18,2.013346623629331
2020-06-19,2.1922142691910262
2020-06-20,0.3675392866134643
2020-06-21,0.36245912313461304
2020-06-22,3.7163579612970348
2020-06-23,5.52525284141302
2020-06-24,5.202669240534305
2020-06-25,1.1974242329597469
2020-06-26,1.224389940500259
2020-06-27,0.6825643181800842
2020-06-28,0.3404778353869915
2020-06-29,0.8971485346555708
2020-06-30,0.7572322525084016
2020-07-01,1.561368921771645
2020-07-02,0.7963611520826814
2020-07-03,1.4548334330320356
2020-07-04,0.4224164187908172
2020-07-05,0.2603448033332824
2020-07-06,0.0280987471342086
2020-07-07,3.4103684648871413
2020-07-08,3.8181211110204454
2020-07-09,3.6466996492817993
2020-07-10,3.1759437844157214
2020-07-11,0.7815627455711365
2020-07-12,0.3689057230949401
2020-07-13,0.4415216110646723
2020-07-14,0.837296202778816
2020-07-15,0.4653730147983878
2020-07-16,-0.314687579870224
2020-07-17,1.0653573907911775
2020-07-19,-0.0310850888490678
2020-07-20,3.1447919551283117
2020-07-21,1.7189137270906938
2020-07-22,2.648189279658254
2020-07-23,3.0216746078804126
2020-07-24,0.9659871589392423
2020-07-25,-0.1064915060997009
2020-07-26,0.3158251829445361
2020-07-27,1.7302065566182134
2020-07-28,0.7500306963920591
2020-07-29,1.2087173014879227
2020-07-30,1.9117819387465713
2020-07-31,5.905877674929797
2020-08-01,2.294854268431663
2020-08-02,0.18111765384674072
2020-08-03,0.9402932953089473
2020-08-04,1.2994461171329021
2020-08-05,-0.21115532238036397
2020-08-06,-0.10506300628185263
2020-08-07,0.1418069154024124
2020-08-08,0.1097055468708275
2020-08-09,0.242458701133728
2020-08-10,4.521552145481109
2020-08-11,3.1426489241421214
2020-08-12,1.0127134546637535
2020-08-13,0.5192245841026305
2020-08-14,0.585156977176666
2020-08-15,1.2142054364085195
2020-08-16,0.0707326382398605
2020-08-17,2.1673824787139893
2020-08-18,0.9851047061383721
2020-08-19,3.230825282633304
2020-08-20,3.7149554342031474
2020-08-21,0.3147443607449532
2020-08-22,0.3865698128938674
2020-08-23,0.2394376024603843
2020-08-24,0.6709047406911848
2020-08-25,1.968627382069826
2020-08-26,4.4742149859666815
2020-08-27,1.8077335432171817
2020-08-28,0.6037485983688383
2020-08-29,0.3796589700505138
2020-08-30,0.1337378919124603
2020-08-31,0.2365791797637939
2020-09-01,1.46487969905138
2020-09-02,0.4768555983901023
2020-09-03,0.9789802115410564
2020-09-04,1.0198412379249926
2020-09-05,0.45711059309542174
2020-09-06,0.28446987643837907
2020-09-07,1.7791561558842655
2020-09-08,1.3270777203142639
2020-09-09,0.2558611175045371
2020-09-10,3.2421813197433944
2020-09-11,1.7705876966938372
2020-09-12,3.7348205653834152
2020-09-20,-0.3836138471961022
2020-09-21,0.06320548010989999
2020-09-22,-0.7215316854417325
2020-09-23,1.0026572681963442
2020-09-24,1.1618729811161752
2020-09-25,-0.006043630186468413
2020-09-26,-0.243413969874382
2020-09-28,0.554267033934593
2020-09-29,2.9089180817827582
2020-09-30,1.8207713626325126
2020-10-01,-0.0281767321139342
2020-10-02,0.11130939120630531
2020-10-03,0.3160861138021573
2020-10-04,0.3768872022628784
2020-10-05,7.709008390083908
2020-10-06,3.6412726361304513
2020-10-07,1.2094500232487917
2020-10-08,0.06692098081111908
2020-10-09,0.5294143110513687
2020-10-10,0.33755182474851597
2020-10-11,0.2084135860204696
2020-10-12,0.44106540177017445
2020-10-13,0.6785848736762999
2020-10-14,2.60905622318387
2020-10-15,0.7121790051460265
2020-10-16,-0.3107573091983795
2020-10-18,-0.0852840393781662
2020-10-19,0.5772329494357108
2020-10-21,-1.4202192798256874
2020-10-22,2.688607528340071
2020-10-23,0.5998195260763166
2020-10-24,-0.09774699807167062
2020-10-25,0.38442400470376004
2020-10-26,0.5179864540696142
2020-10-27,2.6481279172003265
2020-10-28,1.3749849479645488
2020-10-29,3.158235416747629
2020-10-30,0.0998253524303436
2020-10-31,-0.37522138422355056
2020-11-01,0.26907801814377297
2020-11-02,2.6127339607919566
2020-11-03,0.16435898747295125
2020-11-04,2.235133916488848
2020-11-05,0.5063224434852598
2020-11-06,0.6000625435262918
2020-11-07,0.3043160438537597
2020-11-08,0.3733807802200317
2020-11-09,1.178189699538052
2020-11-10,2.6870064288377757
2020-11-11,0.356284059584141
2020-11-12,0.9265947528183459
2020-11-13,-0.2544807456433773
2020-11-15,0.4119749665260315
2020-11-16,1.750660533085465
2020-11-17,3.105824802070855
2020-11-18,3.150973249226808
2020-11-19,2.581959072500467
2020-11-20,1.5545313972979784
2020-11-21,0.7391036450862885
2020-11-22,0.21337181655690082
2020-11-23,0.675827745348215
2020-11-24,1.614959180355072
2020-11-25,0.2177087664604187
2020-11-26,0.11430153995752332
2020-11-27,0.4738487722352147
2020-11-28,0.1108601093292236
2020-11-29,0.4324019700288772
2020-11-30,0.3021135292947292
2020-12-01,3.177702866028994
2020-12-02,1.9377705807564776
2020-12-03,1.0452555306255817
2020-12-04,0.7730586752295493
2020-12-05,0.3384783565998077
2020-12-06,0.1582473367452622
2020-12-07,1.115067519247532
2020-12-08,1.4058639798313375
2020-12-09,0.63554098829627
2020-12-10,0.8359254971146581
2020-12-11,1.0539103746414185
2020-12-13,0.31027053296566004
2020-12-14,1.3650759942829604
2020-12-15,1.181889944709837
2020-12-16,1.9427945911884306
2020-12-17,1.9005975071340795
2020-12-18,1.6316849887371059
2020-12-19,1.5054568620398638
2020-12-20,0.6750918179750443
2020-12-21,0.6754343137145039
2020-12-22,-0.6765504330396652
2020-12-23,-0.05659120157361025
2020-12-24,-0.5252609401941299
2020-12-25,-0.46568205766379833
2020-12-26,0.3454131297767163
2020-12-27,0.4969394104555248
2020-12-28,1.978586522862315
2020-12-29,2.7027189582586284
2020-12-30,1.243328809738159
2020-12-31,1.5775578301399942
2021-01-01,0.6325068250298501
2021-01-02,0.2965315356850623
2021-01-03,0.2896625474095344
2021-01-04,0.7414055466651917
2021-01-05,0.0859324485063552
2021-01-06,-2.8895170986652365
2021-01-07,-2.9199212640523906
2021-01-08,-0.08902869001030927
2021-01-09,-0.06759168207645413
2021-01-10,0.3609086647629737
2021-01-11,0.2501656115055084
2021-01-12,3.003755342215299
2021-01-13,1.3003703430294988
2021-01-14,0.3645389676094055
2021-01-15,0.2111051231622696
2021-01-17,0.1376566253602504
2021-01-18,0.443097874522209
2021-01-19,0.4462042320519686
2021-01-20,0.4714150931686159
2021-01-21,2.573689209297299
2021-01-22,0.9826517030596729
2021-01-23,0.24165122210979462
2021-01-24,-0.1212136894464492
2021-01-25,0.9208318591117857
2021-01-26,2.521249593701213
2021-01-27,1.1253439784049986
2021-01-28,0.6457031685858965
2021-01-29,0.257997393608093
2021-01-30,1.6363112628459928
2021-01-31,0.2488672062754631
2021-02-01,0.7455853074789047
2021-02-02,0.3003871291875838
2021-02-03,0.1470952890813349
2021-02-04,-1.0567090474069118
2021-02-05,0.41369685530662553
2021-02-06,0.2740955688059327
2021-02-07,0.9398414827883241
2021-02-08,0.4496278204023838
2021-02-09,0.540173515677452
2021-02-10,-0.4931294471025467
2021-02-11,0.6515674404799939
2021-02-12,-2.1168609373271465
2021-02-13,-0.7193363988772031
2021-02-14,-1.0456797247752545
2021-02-15,-1.8846529722213745
2021-02-16,-1.0889740623533724
2021-02-17,-0.23594101518392563
2021-02-18,1.435025658458471
2021-02-19,0.27946261595934646
2021-02-20,0.096490278840065
2021-02-21,-0.0405303463339806
2021-02-22,0.5081143230199814
2021-02-23,0.19877074286341662
2021-02-24,1.9995354190468788
2021-02-25,3.5205558566376562
2021-02-26,0.5048826709389684
2021-02-28,0.32285413146018976
2021-03-01,0.4389446452260015
2021-03-02,0.755896189250052
2021-03-03,0.5966706462204454
2021-03-04,1.041711315512657
2021-03-05,1.5260059759020803
2021-03-06,0.3481920659542084
2021-03-07,0.1458552479743957
2021-03-08,0.7359965294599532
2021-03-09,3.220660775899887
2021-03-10,0.3272113623097538
2021-03-11,1.5885835383087394
2021-03-12,0.5957973664626478
2021-03-13,0.7317892350256442
2021-03-14,1.4664414077997208
2021-03-15,0.5410990603268143
2021-03-16,0.3595216255635024
2021-03-17,2.8171363538131113
2021-03-18,3.3149197567254296
2021-03-19,0.7050249576568604
2021-03-20,-0.2133505195379257
2021-03-21,0.4973408952355384
2021-03-22,-0.30279982462525346
2021-03-23,2.682342361658811
2021-03-24,1.1248745545744896
2021-03-25,0.6240453347563742
2021-03-26,0.39487909525632836
2021-03-27,0.8915832340717316
2021-03-28,-0.0414245352149009
2021-03-29,0.1749632321298121
2021-03-30,1.6068944931030271
2021-03-31,1.5363114848732946
2021-04-01,0.4457281976938246
2021-04-02,0.1745955199003219
2021-04-03,0.2990174442529678
2021-04-04,0.1879773586988449
2021-04-05,0.5332049764692783
2021-04-06,2.3588947972748424
2021-04-07,0.7479795001345334
2021-04-08,0.4127471894025803
2021-04-09,0.9355983585119246
2021-04-10,1.5475070774555204
2021-04-12,10.197571962140499
2021-04-13,3.8218841627240177
2021-04-14,0.6614043414592743
2021-04-15,0.44043917395174503
2021-04-16,0.1456678062677383
2021-04-19,-0.12368031404912491
2021-04-20,0.2764186486601828
2021-04-21,0.37280025705695147
2021-04-22,0.1494188159704208
2021-04-25,0.34963321685791
2021-04-26,-0.5716452114284037
2021-04-27,0.3717935979366302
2021-04-28,1.2129849493503568
2021-04-29,-0.1451176237314939
2021-04-30,-0.2474058009684087
2021-05-01,-0.4512759447097778
2021-05-02,0.22796297073364252
2021-05-03,1.0923781096935268
2021-05-04,1.086373373866081
2021-05-05,0.754264830611646
2021-05-06,0.6059731915593146
2021-05-07,0.42829389870166773
2021-05-08,0.28327158093452437
2021-05-09,0.6935967355966567
2021-05-10,1.1305214911699293
2021-05-11,5.722466804087161
2021-05-12,2.4850221388041973
2021-05-13,2.1248288042843337
2021-05-14,0.2902871314436198
2021-05-15,0.2376592606306076
2021-05-16,0.2724425494670868
2021-05-17,0.48836563527584065
2021-05-18,3.7279954962432376
2021-05-19,3.2001719102263446
2021-05-20,1.3891950398683546
2021-05-21,1.8729684685822572
2021-05-22,0.75081230700016
2021-05-23,0.3085106015205382
2021-05-24,0.789788693189621
2021-05-25,0.7054519951343536
2021-05-26,2.177920095622539
2021-05-27,3.174439646303653
2021-05-28,0.101325012743473
2021-05-29,0.8560375720262525
2021-05-30,0.5436987429857253
2021-05-31,0.3392515629529953
2021-06-01,5.696769902482628
2021-06-02,1.2733077108860014
2021-06-03,0.6022244989871978
2021-06-04,0.5414085388183594
2021-06-05,1.3982077986001966
2021-06-06,-0.0323416255414485
2021-06-07,0.24950315617024899
2021-06-08,1.8225421258248387
2021-06-09,0.8959888517856596
2021-06-10,0.005049377679824718
2021-06-11,2.9731267690658565
2021-06-12,1.514277871698141
2021-06-14,0.5573899503797288
2021-06-15,0.7127200905233622
2021-06-16,-0.2182431463152171
2021-06-17,2.4914936684072018
2021-06-18,1.9774700738489628
2021-06-19,0.2092285454273223
2021-06-21,0.8165649324655532
2021-06-22,1.7947514317929743
2021-06-23,0.5436500906944273
2021-06-24,0.3618176281452179
2021-06-25,0.0988443791866302
2021-06-26,-0.4664849936962127
2021-06-28,7.692075947532429
2021-06-29,2.7156501561403275
2021-06-30,1.2494756914675234
2021-07-01,0.8950345218181609
2021-07-02,0.4622446298599243
2021-07-04,1.0560812242329118
2021-07-05,-0.3324511796236038
2021-07-06,1.0803977837786076
2021-07-07,6.651937644928693
2021-07-08,1.1136909723281858
2021-07-09,0.4100274331867694
2021-07-10,-0.2387248426675796
2021-07-11,0.06832446902990341
2021-07-12,1.2591337412595747
2021-07-13,1.8906336072832344
2021-07-14,3.786769211292267
2021-07-15,0.6713991072028876
2021-07-16,0.6293370872735976
2021-07-17,0.3663370609283447
2021-07-18,0.0128808664157986
2021-07-19,1.229421297088265
2021-07-20,3.5833992753177877
2021-07-21,0.2745022326707839
2021-07-22,0.688435800373554
2021-07-23,1.166006729006767
2021-07-24,0.6918202042579649
2021-07-25,1.0438626259565351
2021-07-26,1.5714491996914146
2021-07-27,-0.013743459014221998
2021-07-28,0.3778312951326369
2021-07-29,0.7242224309593439
2021-07-30,-0.08832283318042752
2021-07-31,-0.2133919447660446
2021-08-02,1.4946170002222061
2021-08-03,0.6451666615903378
2021-08-04,-0.7976712547242638
2021-08-05,-0.4866725355386733
2021-08-06,0.14750426355749358
2021-08-07,0.2551102116703987
2021-08-08,0.1976341418921946
2021-08-09,1.3238007645122707
2021-08-10,1.8218795880675314
2021-08-11,3.110196294725028
2021-08-12,0.9015728682279587
2021-08-13,0.8276129402220249
2021-08-15,0.1613079905509948
2021-08-16,-0.1573639810085297
2021-08-17,0.802308030426502
2021-08-18,-0.0738075682893395
2021-08-19,1.7849869513884185
2021-08-20,-0.41306874901056295
2021-08-21,-0.1177013665437698
2021-08-22,0.23034043423831468
2021-08-23,-2.2968678809702396
2021-08-24,1.8240045709535475
2021-08-25,2.6635841401293874
2021-08-26,1.2617375310510395
2021-08-27,0.22419256344437588
2021-08-28,0.5674036815762519
2021-08-29,-2.2514827474951744
2021-08-30,-0.15013564901892087
2021-08-31,0.7036617696285247
2021-09-01,0.6213946416974064
2021-09-02,1.6833763793110845
2021-09-03,0.6876553818583486
2021-09-04,0.7990130037069321
2021-09-05,1.0754080712795255
2021-09-06,0.1312683913856744
2021-09-07,-1.0558101832866669
2021-09-08,0.1347316429018975
2021-09-09,1.0949012003839014
2021-09-10,0.42169497907161707
2021-09-11,0.4043442383408546
2021-09-12,0.8425871990621089
2021-09-13,0.5804194826632735
2021-09-14,1.2878424534574147
2021-09-15,0.39904771558940394
2021-09-16,0.66608093958348
2021-09-17,0.9851263985037803
2021-09-18,0.1218997314572334
2021-09-19,1.0395785495638845
2021-09-20,3.270835947245359
2021-09-21,3.013823978602886
2021-09-22,0.9151289239525793
2021-09-23,0.934865077957511
2021-09-24,0.7815808169543742
2021-09-25,0.047472202219069115
2021-09-26,0.035963274538517
2021-09-27,1.0976842418313024
2021-09-28,0.5674408227205278
2021-09-29,0.63821499585174
2021-09-30,2.3446436561644073
2021-10-01,1.6058638766407962
2021-10-02,0.0625542178750038
2021-10-03,0.1604032665491103
2021-10-04,0.7683139927685261
2021-10-05,3.5103379078209396
2021-10-06,1.6130231954157348
2021-10-07,0.7745324373245238
2021-10-08,1.4069284647703169
2021-10-09,0.7505620438605546
2021-10-10,0.1418546736240387
2021-10-11,1.1319707855582235
2021-10-12,1.4434705972671504
2021-10-13,1.1034786608070135
2021-10-14,1.2710216594859955
2021-10-15,0.32584642618894566
2021-10-17,1.9851464629173277
2021-10-18,0.6667743921279906
2021-10-19,0.3839655518531799
2021-10-20,0.1915931776165962
2021-10-21,3.966098108328878
2021-10-22,1.6365709705278275
2021-10-23,0.7115015676245091
2021-10-25,0.43342408537864674
2021-10-26,1.267189122736454
2021-10-27,-1.0336796343326569
2021-10-28,-1.8198335282504556
2021-10-29,0.2941960096359253
2021-10-30,0.2295761555433273
2021-10-31,0.1149691790342331
2021-11-01,1.3033535443246362
2021-11-02,1.8654786571860313
2021-11-03,0.3854789659380912
2021-11-04,2.0527964010834694
2021-11-05,2.1010298654437065
2021-11-06,0.1152673587203025
2021-11-08,0.6636660695075988
2021-11-09,10.114154757000504
2021-11-10,3.0732332020997997
2021-11-11,1.1196968778967853
2021-11-12,-0.3326103016734124
2021-11-13,0.276003684848547
2021-11-14,0.513886198401451
2021-11-15,0.24686592817306502
2021-11-16,0.5456726010888817
2021-11-17,2.1282043829560275
2021-11-18,1.0205759685486555
2021-11-19,1.719388425350189
2021-11-20,0.1515247374773025
2021-11-21,0.1286924304440616
2021-11-22,0.9451449140906332
2021-11-23,-0.7947003524750473
2021-11-24,1.8898425996303558
2021-11-25,1.593714267015457
2021-11-26,0.3108541071414947
2021-11-27,0.8915720432996749
2021-11-28,-0.2268256843090057
2021-11-29,0.3096156120300293
2021-11-30,0.25146475434303284
2021-12-01,0.9417933747172355
2021-12-02,-4.115484435111284
2021-12-03,-8.630560589488596
2021-12-04,-0.521574318408966
2021-12-05,0.1630793586373328
2021-12-06,-0.3206738010048865
2021-12-07,0.3924559714505448
2021-12-08,0.4376220256090164
2021-12-09,0.2696811198256908
2021-12-10,1.0292074754834173
2021-12-11,0.1032213345170021
2021-12-12,0.1505946442484856
2021-12-13,1.2432900816202164
2021-12-14,1.1669172048568723
2021-12-15,0.5273657888174057
2021-12-16,3.913036726415157
2021-12-17,2.515286371111869
2021-12-18,1.611875861883163
2021-12-19,0.943785659968853
2021-12-20,1.504040466621518
2021-12-21,1.7049659229815002
2021-12-22,1.0012471415102482
2021-12-23,0.8498895317316053
2021-12-24,0.01496937870979309
2021-12-25,-0.455159991979599
2021-12-26,0.1150599271059036
2021-12-27,0.9201124608516693
2021-12-28,0.2023796141147613
2021-12-29,0.6316946297883987
2021-12-30,1.0442102206870914
2021-12-31,0.23570462316274637
2022-01-01,0.6864479035139084
2022-01-03,0.39371841773390753
2022-01-04,9.150390209630132
2022-01-05,5.253465686459093
2022-01-06,1.321769047528505
2022-01-07,0.43226270377635945
2022-01-08,0.4550531357526779
2022-01-09,0.0851409435272216
2022-01-10,0.9868410900235176
2022-01-11,2.9860787637881
2022-01-12,2.261728629469871
2022-01-13,2.163907439447939
2022-01-14,3.328710302710533
2022-01-15,0.5908697545528411
2022-01-16,0.9361403882503508
2022-01-17,0.16594773903489102
2022-01-18,0.779134541749954
2022-01-19,0.9809604026377199
2022-01-20,1.1712413430213928
2022-01-21,0.1253040470182895
2022-01-22,0.5066948235034943
2022-01-23,0.4647129029035568
2022-01-24,0.7090682946145536
2022-01-25,-2.0422796346247196
2022-01-26,0.049974659457802925
2022-01-27,0.7866843212395904
2022-01-28,0.9016650244593618
2022-01-29,0.7779948493698611
2022-01-30,0.7140657491981981
2022-01-31,1.290966175496578
2022-02-01,1.0344371348619459
2022-02-02,2.1617885194718833
2022-02-03,-0.2614565789699555
2022-02-04,0.2432801648974418
2022-02-05,-0.0924482122063636
2022-02-06,0.40601495653390873
2022-02-07,0.3394526988267898
2022-02-08,-1.6236278041033068
2022-02-09,0.8287794683128593
2022-02-10,0.4194020330905913
2022-02-11,0.1354873981326818
2022-02-12,0.2321065291762351
2022-02-13,0.3209025263786316
2022-02-14,1.1982292085886002
2022-02-15,0.48513115767855175
2022-02-16,2.900389736518264
2022-02-17,5.007912623230367
2022-02-18,0.474712811410427
2022-02-19,-0.024119025096297292
2022-02-20,1.0044758319854736
2022-02-21,1.1157639138400552
2022-02-22,0.7596459612250326
2022-02-23,-0.09832454100251192
2022-02-24,0.3032240942120551
2022-02-25,-4.590867538005114
2022-02-26,-3.996066957712173
2022-02-27,-1.6983011662960052
2022-02-28,-3.1940201222896576
2022-03-01,-3.488792372867465
2022-03-02,-2.501870427280664
2022-03-03,-1.1815063301473856
2022-03-04,-2.459468185901642
2022-03-05,-0.1766215004026891
2022-03-06,0.007867053151130704
2022-03-07,0.7512067556381222
2022-03-08,0.9036205857992171
2022-03-09,0.2676497399806976
2022-03-10,0.4332135822623968
2022-03-11,0.18354471400380146
2022-03-12,-0.1070699393749237
2022-03-13,0.1441786587238311
2022-03-14,0.7663905173540114
2022-03-15,-1.2076828330755234
2022-03-16,0.31553335487842543
2022-03-17,0.6315933465957642
2022-03-18,2.2258085086941715
2022-03-19,0.6140993759036064
2022-03-22,8.383252896368502
2022-03-23,2.9213116019964214
2022-03-24,1.017581720370799
2022-03-25,1.045347237959504
2022-03-26,0.4201032519340515
2022-03-27,1.307950399816036
2022-03-28,1.5451992684975264
2022-03-29,3.6606700085103507
2022-03-30,0.3802059665322305
2022-03-31,0.6836450025439261
2022-04-01,1.0634110942482946
2022-04-02,0.8699565231800079
2022-04-03,0.09574590623378759
2022-04-04,1.355654165148735
2022-04-05,2.079630114138126
2022-04-06,0.6865155026316643
2022-04-07,1.7286012656986711
2022-04-08,1.855373002588749
2022-04-09,0.909552440047264
2022-04-10,0.3730579912662506
2022-04-11,-0.43595322221517563
2022-04-12,1.0652416939847171
2022-04-13,0.9933579079806801
2022-04-14,1.538681156700477
2022-04-15,0.6816802546381948
2022-04-16,0.2953770905733107
2022-04-17,-0.11000637710094441
2022-04-18,1.213777408003807
2022-04-19,-0.12325929291546323
2022-04-20,0.13589931279420828
2022-04-21,0.9717514906078576
2022-04-22,1.4411904662847514
2022-04-23,0.23405924439430242
2022-04-24,0.5974113047122955
2022-04-25,1.4962239265441892
2022-04-26,0.27758034877479076
2022-04-27,0.135149125009775
2022-04-28,0.9920768879819661
2022-04-29,1.1354916586133184
2022-04-30,0.1499553769826889
2022-05-01,0.3586662709712982
2022-05-02,0.5313812643289564
2022-05-03,0.3419189378619194
2022-05-04,0.10982548492029301
2022-05-05,0.3335843831300736
2022-05-06,-9.407587552443147
2022-05-07,-2.5352961719036102
2022-05-08,0.2644820809364319
2022-05-09,-1.8672655932605267
2022-05-10,1.6747862249612808
2022-05-11,0.7381673082709312
2022-05-12,1.700947061181068
2022-05-13,1.573625862598419
2022-05-14,-0.32031359896063805
2022-05-15,-0.1214354932308197
2022-05-16,-0.02895544748753335
2022-05-17,0.4577029943466186
2022-05-18,1.7975543943466614
2022-05-19,2.7280023321509357
2022-05-20,1.4898017458617685
2022-05-21,0.3896201290190219
2022-05-22,-0.1106529235839843
2022-05-23,0.378287836909294
2022-05-24,5.772809289395808
2022-05-25,1.1392172621563073
2022-05-26,-0.535773260751739
2022-05-27,-0.4454401694238187
2022-05-28,0.0922068357467651
2022-05-29,0.41766616702079773
2022-05-30,2.913473799824714
2022-05-31,0.2529768981039524
2022-06-01,1.681797032244503
2022-06-02,0.5326206609606742
2022-06-05,0.4214247465133667
2022-06-06,0.09260213375091561
2022-06-07,2.8070152327418323
2022-06-08,1.3677593953907485
2022-06-09,1.1555030439049006
2022-06-10,1.4354551658034322
2022-06-11,0.2206094563007354
2022-06-12,-0.1858039498329162
2022-06-13,-0.19692139979451895
2022-06-14,0.8241536840796468
2022-06-15,-0.0035270079970360357
2022-06-16,-0.4538661013357342
2022-06-17,1.3137900196015833
2022-06-18,0.02999232709407809
2022-06-19,0.26775123178958893
2022-06-20,1.4185832564253356
2022-06-21,3.1426028162240978
2022-06-22,-0.04298416525125519
2022-06-23,1.670134908519685
2022-06-24,0.5443913154304025
2022-06-25,0.6707155779004094
2022-06-26,-0.01993644237518312
2022-06-27,0.9840524996398016
2022-06-28,1.2744548730552192
2022-06-29,2.406832598149776
2022-06-30,0.2046824917197227
2022-07-01,0.33971213176846493
2022-07-02,0.3618713542819023
2022-07-03,-0.2009109780192375
2022-07-04,0.8805520795285702
2022-07-05,-0.42488716915249836
2022-07-06,0.3982040950795636
2022-07-07,0.7500732615590096
2022-07-09,0.603463426232338
2022-07-10,-0.011071465909481104
2022-07-11,1.0093974620103834
2022-07-12,3.896770546212792
2022-07-13,2.435588337481022
2022-07-14,1.279570534825325
2022-07-15,-0.08529185038059958
2022-07-16,0.4686354398727415
2022-07-17,0.6390220969915389
2022-07-18,1.657964844256639
2022-07-19,0.7016374766826627
2022-07-20,1.1295810379087923
2022-07-21,2.256995443254709
2022-07-22,-0.30795389413833624
2022-07-23,0.7789267748594284
2022-07-24,0.0980894714593887
2022-07-25,2.1333578824996944
2022-07-26,3.868770942091941
2022-07-27,-2.7589609287679195
2022-07-28,0.31813869066536415
2022-07-29,0.3685626424849032
2022-07-30,0.211496353149414
2022-08-01,0.15985472127795214
2022-08-02,0.5935491882264613
2022-08-03,0.45728546380996704
2022-08-04,1.5404027402400968
2022-08-05,0.5651315227150917
2022-08-06,0.27309726178646077
2022-08-08,-1.035907513462007
2022-08-09,-1.392616093158722
2022-08-10,-0.39758120477199543
2022-08-11,2.548285290598869
2022-08-12,1.0136381816118956
2022-08-13,0.0747010484337806
2022-08-14,0.17038917541503903
2022-08-15,0.887305308133364
2022-08-16,1.0478355195373292
2022-08-17,0.779371295357123
2022-08-18,2.0275066047906876
2022-08-19,-0.22994799725711348
2022-08-20,0.2565985918045043
2022-08-21,0.4249773323535919
2022-08-22,0.7213758565485477
2022-08-23,0.6460630558431146
2022-08-24,0.8903558929450811
2022-08-25,-0.32986609078943774
2022-08-26,0.7743977103382347
2022-08-27,-0.14071150124073029
2022-08-29,0.2880164682865143
2022-08-30,2.3289382457733154
2022-08-31,0.6022233664989471
2022-09-01,-2.2615112205967303
2022-09-02,-1.275002595037222
2022-09-03,-0.0832748301327228
2022-09-04,0.4889775644987821
2022-09-05,0.18392088543623691
2022-09-06,-0.30010922998189893
2022-09-07,0.4339572861790656
2022-09-08,3.304199574515223
2022-09-09,0.9925414409954099
2022-09-10,0.0147488191723823
2022-09-11,-0.026583924889564486
2022-09-12,0.6151972319930791
2022-09-13,0.4853095347061752
2022-09-14,1.132173504680395
2022-09-15,1.9474206045269962
2022-09-16,0.7105039269663393
2022-09-17,-0.6282719341106712
2022-09-19,-0.2702742069959641
2022-09-20,9.315422794781623
2022-09-21,2.5081030987203117
2022-09-22,-0.34378319978714
2022-09-23,0.1513503193855285
2022-09-24,0.30544909462332726
2022-09-25,-0.2406590431928634
2022-09-26,0.6799526666291058
2022-09-27,2.5896366648375984
2022-09-28,0.16303324559703458
2022-09-29,0.716855054721236
2022-09-30,0.11961797997355461
2022-10-01,0.2004794925451278
2022-10-02,-0.0112607320770621
2022-10-03,-0.32385221496224403
2022-10-04,1.3329964503645895
2022-10-05,1.2599269831553097
2022-10-06,0.4493452608585357
2022-10-07,-0.0627722293138504
2022-10-08,-0.0018886766629293
2022-10-09,0.3941182196140288
2022-10-10,1.3185951411724088
2022-10-11,0.4995560585521158
2022-10-12,1.683820284903049
2022-10-13,0.1991510791704058
2022-10-14,0.2841121926903725
2022-10-15,0.49681530240923166
2022-10-16,0.709431529045105
2022-10-17,1.4164948821999133
2022-10-18,4.136825209483503
2022-10-19,1.6276445519179101
2022-10-20,1.0087553374469278
2022-10-21,1.0921968221664429
2022-10-22,0.2359055206179617
2022-10-23,-0.2043725005351007
2022-10-24,1.0523694306612015
2022-10-25,-0.4646918699145317
2022-10-26,-0.8455025646835563
2022-10-27,0.6234005168080327
2022-10-28,0.040745762176811834
2022-10-29,-0.06021165847778315
2022-10-30,0.1558833420276641
2022-10-31,0.6842196583747863
2022-11-01,0.5783771313726902
2022-11-02,0.38042770605534315
2022-11-03,0.610397670418024
2022-11-04,1.3462739214301107
2022-11-05,0.1965352743864059
2022-11-07,0.5379360727965831
2022-11-08,-0.2059459192678337
2022-11-09,1.844966322183609
2022-11-10,0.8715660907328128
2022-11-12,-0.2247235178947448
2022-11-14,0.8694126456975936
2022-11-15,1.2018805295228956
2022-11-16,1.480950852390379
2022-11-17,7.576945584267377
2022-11-18,2.9495173245668407
2022-11-19,0.26168903335928906
2022-11-20,0.9044656082987784
2022-11-21,0.746044524013996
2022-11-22,0.7421237528324125
2022-11-23,0.22908119275234637
2022-11-24,0.2519147209823131
2022-11-25,1.7375225629657503
2022-11-26,-0.1261715739965439
2022-11-27,0.7012243922799826
2022-11-28,0.3723849086090922
2022-11-29,3.257512895390391
2022-11-30,0.8819858971983192
2022-12-01,1.3269306011497972
2022-12-02,1.0609453432261942
2022-12-03,0.28427029274280347
2022-12-04,0.4933536797761916
2022-12-05,1.209372468292713
2022-12-06,0.4357372621307152
2022-12-07,1.4285916481167074
2022-12-08,0.20133850816637255
2022-12-09,0.4653759486973285
2022-12-10,-0.1928186416625976
2022-12-11,0.1467038011178374
2022-12-12,2.018115803599357
2022-12-13,1.3670108602382243
2022-12-14,1.5770262321457265
2022-12-15,0.9477462545037267
2022-12-16,0.16627450846135597
2022-12-17,0.3396520316600798
2022-12-18,1.0712394937872884
2022-12-19,0.04426416009664541
2022-12-20,1.433658681809902
2022-12-21,0.8440420813858506
2022-12-22,1.9848008442204446
2022-12-23,1.829609779641032
2022-12-24,0.0593577027320862
2022-12-25,0.545393629465252
2022-12-26,1.0101028904318807
2022-12-27,0.3597770072519776
2022-12-28,1.2863668799400327
2022-12-29,1.1807285053655503
2022-12-30,0.03376822266727689
2022-12-31,0.4770129397511482
2023-01-01,0.43494013790041197
2023-01-02,0.4408814311027527
2023-01-03,2.769152250140905
2023-01-04,2.0458888150751586
2023-01-05,1.119766682386398
2023-01-06,0.2075171917676925
2023-01-08,0.8711613211780785
2023-01-09,2.862483216449618
2023-01-10,1.2303047697059808
2023-01-11,2.4762875512242313
2023-01-12,1.5241143272724003
2023-01-13,-0.4877559524029496
2023-01-14,0.6792610064148902
2023-01-15,0.5034534186124802
2023-01-16,1.0387743413448334
2023-01-17,1.1885878834873433
2023-01-18,-0.055232688784599554
2023-01-19,3.0537539608776565
2023-01-20,2.262837933376431
2023-01-21,0.561462491750717
2023-01-22,0.780352496076375
2023-01-23,2.777492130175233
2023-01-24,0.7986216205172239
2023-01-25,1.8789369612932203
2023-01-26,0.7583953663706776
2023-01-27,0.4699987545609473
2023-01-28,0.5024593919515609
2023-01-29,0.6230572387576102
2023-01-30,1.2711798679083584
2023-01-31,1.6748053319752214
2023-02-01,0.710463535040617
2023-02-02,0.8541527725756167
2023-02-03,0.12484062090516092
2023-02-04,0.8496143817901611
2023-02-05,0.5693748667836188
2023-02-06,0.5142967235296962
2023-02-07,2.8655147738754745
2023-02-08,2.388545252848416
2023-02-09,2.1247510612010956
2023-02-10,1.8455884270370004
2023-02-11,0.1636374741792678
2023-02-13,0.4495052564889193
2023-02-14,2.765835344791412
2023-02-15,1.104827843606472
2023-02-16,1.242675606161356
2023-02-17,-0.23994803801178927
2023-02-18,0.5477084815502166
2023-02-20,1.1014457195997236
2023-02-21,1.6327899023890493
2023-02-22,2.862081179395317
2023-02-23,5.17736504226923
2023-02-24,1.3042778819799423
2023-02-26,0.9161492437124251
2023-02-27,2.1892871467862274
2023-02-28,2.5670144832693036
2023-03-01,1.5819356522988526
2023-03-02,0.8955759108066559
2023-03-03,0.0489405244588851
2023-03-04,0.0749876201152801
2023-03-05,0.8183001577854156
2023-03-06,-0.25833308696746843
2023-03-07,0.6934866588562725
2023-03-08,1.8576587997376914
2023-03-09,0.6242909943684933
2023-03-10,0.5070748347789045
2023-03-11,0.7028299272060394
2023-03-12,0.4328211545944213
2023-03-13,0.6899332031607628
2023-03-14,2.2372706383466716
2023-03-15,1.2351229293271895
2023-03-16,4.688704892992972
2023-03-17,2.4152620658278465
2023-03-18,0.5501601547002791
2023-03-21,8.871471524238586
2023-03-22,0.5234053879976271
2023-03-24,0.0233532972633838
2023-03-25,0.9108683392405508
2023-03-26,2.6044396422803398
2023-03-27,0.9460344202816485
2023-03-28,0.3103604167699813
2023-03-29,1.3940305951982734
2023-03-30,1.10423818975687
2023-03-31,0.11261016130447368
2023-04-01,1.0427571982145307
2023-04-02,1.2318899370729923
2023-04-03,1.1716636046767233
2023-04-04,0.7163038328289985
2023-04-05,3.0143122673034664
2023-04-06,1.1293174810707567
2023-04-07,0.38298533111810684
2023-04-08,1.387278611771762
2023-04-09,1.2889263182878492
2023-04-10,0.8029165714979171
2023-04-11,0.6729302443563935
2023-04-12,1.8096627518534656
2023-04-13,0.5873467251658441
2023-04-14,0.08962783217430112
2023-04-15,0.8689384758472443
2023-04-16,0.3489083610475063
2023-04-17,0.4154720604419708
2023-04-18,0.2542229541577399
2023-04-19,2.146228656172752
2023-04-20,0.605069562792778
2023-04-21,0.3217159858904779
2023-04-22,0.8144332058727739
2023-04-23,-0.4394581988453864
2023-04-24,1.0624185577034948
2023-04-25,1.8298630621284244
2023-04-26,0.6041679356712845
2023-04-27,0.6428182369563725
2023-04-28,0.9416682524606583
2023-04-29,0.030798124382272044
2023-04-30,-0.00032257661223419887
2023-05-01,0.11255760490894309
2023-05-02,1.500654403120279
2023-05-03,0.4159814417362213
2023-05-04,0.2186966519802806
2023-05-05,1.638058481737971
2023-05-06,-0.13596123456954962
2023-05-07,0.729013830423355
2023-05-08,-0.012846877565607429
2023-05-09,0.9548863070085643
2023-05-10,2.4603600818663836
2023-05-11,0.6973397489637132
2023-05-12,0.7142680361866949
2023-05-13,1.057845152914524
2023-05-14,1.3943730811588464
2023-05-15,0.8531602472066878
2023-05-16,3.198759415186941
2023-05-17,1.962313751690089
2023-05-18,9.287895025685428
2023-05-19,4.319069765508175
2023-05-20,0.4680635705590248
2023-05-22,1.1504296958446503
2023-05-23,0.8387227356433866
2023-05-24,0.0051215095445513
2023-05-25,1.8443711102008817
2023-05-26,1.924052208662033
2023-05-27,0.2850997745990753
2023-05-29,0.3187788128852844
2023-05-30,0.4199095144867898
2023-05-31,1.4851251542568205
2023-06-01,1.5146161913871763
2023-06-02,0.1453278213739395
2023-06-04,1.4374457895755768
2023-06-05,1.6003722995519636
2023-06-06,0.6934455856680871
2023-06-07,0.6901749903336166
2023-06-08,0.8323404458351431
2023-06-09,-0.23696684837341309
2023-06-10,-0.026064574718475293
2023-06-11,0.031664596870541406
2023-06-12,1.136151861399412
2023-06-13,1.8489610403776164
2023-06-14,2.8817570656538005
2023-06-15,0.643167304806411
2023-06-16,1.7943419733201151
2023-06-17,1.3455047085881233
2023-06-18,0.973965562880039
2023-06-19,1.3296661898493765
2023-06-20,2.5022293925285335
2023-06-21,1.5033366251736877
2023-06-22,1.5206113606691358
2023-06-23,0.5332973152399061
2023-06-24,0.5372721869498489
2023-06-27,1.0079549998044965
2023-06-28,0.20534294843673717
2023-06-29,-0.28063688054680813
2023-06-30,-0.08064991235733027
2023-07-01,0.4297551289200782
2023-07-02,0.5364538356661795
2023-07-03,0.405854583135806
2023-07-04,-0.7462645284831525
2023-07-05,1.358893195632845
2023-07-06,1.322336213896051
2023-07-07,1.039408355951309
2023-07-08,-0.05375334620475769
2023-07-09,-0.2418649047613144
2023-07-10,0.7227113842964171
2023-07-11,1.8583346605300903
2023-07-12,6.153494954109191
2023-07-13,2.0004497058689594
2023-07-14,1.2986924629658456
2023-07-15,0.6959855929017066
2023-07-16,-0.03192923963069921
2023-07-17,0.5257962606847286
2023-07-18,3.3234137282706793
2023-07-19,1.384789922274649
2023-07-20,0.7814941033720969
2023-07-21,0.5095677524805068
2023-07-22,0.3668122291564941
2023-07-23,0.4129211530089378
2023-07-24,1.9549906402826307
2023-07-25,1.6278042420744894
2023-07-26,1.6720144053688275
2023-07-27,0.9001376929227258
2023-07-28,0.9482524320483205
2023-07-29,0.7108957543969153
2023-07-30,0.7040909677743911
2023-07-31,2.0458596944808956
2023-08-01,1.5538883209228513
2023-08-02,0.35709600895643234
2023-08-03,0.7537696138024329
2023-08-04,0.8556546345353127
2023-08-06,0.20584413409233082
2023-08-07,0.17061931639909736
2023-08-08,6.20512475632131
2023-08-09,2.226838637143373
2023-08-10,1.012568678706884
2023-08-11,1.1404569447040558
2023-08-12,0.4331732802093029
2023-08-13,0.732318252325058
2023-08-14,2.36777007766068
2023-08-15,4.156451144022867
2023-08-16,2.3397465422749515
2023-08-17,1.7549053058028221
2023-08-18,2.0448088466655463
2023-08-19,1.4108690693974493
2023-08-22,1.0545550808310507
2023-08-23,2.672540485858917
2023-08-24,0.7749586105346679
2023-08-25,0.45803019404411316
2023-08-27,2.8990188315510745
2023-08-28,2.954320851713419
2023-08-29,2.4450672958046193
2023-08-30,-1.9104397706687448
2023-08-31,-0.5054165050387383
2023-09-01,1.0421723872423172
2023-09-02,0.5785164609551429
2023-09-03,0.1455312520265579
2023-09-04,0.6213196888566016
2023-09-05,0.4708407856523989
2023-09-06,0.556523934006691
2023-09-07,0.5649133324623108
2023-09-08,1.26544326916337
2023-09-09,1.4187482628040013
2023-09-10,0.42336783558130253
2023-09-11,1.1775331869721413
2023-09-12,1.4431372508406635
2023-09-13,0.4107887968420983
2023-09-14,0.07002475112676623
2023-09-15,0.35605987161397934
2023-09-16,0.39178885519504536
2023-09-17,1.4785951599478717
2023-09-18,1.22948526404798
2023-09-19,1.2044516578316686
2023-09-20,2.170094482600689
2023-09-21,0.9811772406101225
2023-09-22,0.8357102572917937
2023-09-23,0.5959093682467936
2023-09-24,1.073568694293499
2023-09-25,1.2943267226219175
2023-09-26,0.80047719925642
2023-09-27,0.4865245893597601
2023-09-28,-0.6447018608450891
2023-09-29,-4.121174931526184
2023-09-30,-0.16432637814432383
2023-10-01,0.7348244953900576
2023-10-02,0.56092494353652
2023-10-03,1.0140861067920923
2023-10-04,0.9880304485559461
2023-10-05,0.39863365143537505
2023-10-06,1.1347612738609314
2023-10-07,0.44756141304969776
2023-10-08,0.5820627473294734
2023-10-09,-1.0209500938653946
2023-10-10,-0.06527993455529207
2023-10-11,1.035185918211937
2023-10-12,0.4635433321818711
2023-10-13,-0.2212888225913047
2023-10-14,-0.11610636115074158
2023-10-15,0.11559122800827029
2023-10-16,0.32548166066408163
2023-10-17,-0.1937481556087735
2023-10-18,3.6140540875494476
2023-10-19,2.6491165384650226
2023-10-20,0.6321721635758877
2023-10-21,-0.6282053291797637
2023-10-22,-0.4614961221814154
2023-10-23,0.5474928012117743
2023-10-24,1.3824006643844764
2023-10-25,0.17228982457891104
2023-10-26,0.1991875618696212
2023-10-27,-0.20803901553154003
2023-10-28,0.4553422331809997
2023-10-29,-0.2797286808490753
2023-10-30,0.4016158208250998
2023-10-31,0.2904706443659961
2023-11-01,-0.21922634914517403
2023-11-02,2.0566510632634163
2023-11-03,0.9411705732345579
2023-11-04,-0.3348134756088257
2023-11-05,0.2957918792963027
2023-11-06,1.0402957499027254
2023-11-07,1.7201666366308925
2023-11-08,1.5012525394558907
2023-11-09,2.5241710534319273
2023-11-10,1.5908331801183517
2023-11-11,-0.3556506708264351
2023-11-12,-0.006605170667171506
2023-11-13,2.4214443229138847
2023-11-14,7.488632705062627
2023-11-15,2.1053173318505283
2023-11-16,1.5437341970391567
2023-11-17,2.435153156518936
2023-11-18,0.11886148899793625
2023-11-20,0.1603877395391464
2023-11-22,0.1820887122303247
2023-11-23,-0.9275630414485931
2023-11-24,0.19765974581241608
2023-11-26,1.588979363441467
2023-11-27,0.3891155607998371
2023-11-28,4.960375961847602
2023-11-29,2.8230397072620685
2023-11-30,1.211433107964694
2023-12-01,1.1382453665137289
2023-12-02,0.18240734934806818
2023-12-03,0.0507325045764446
2023-12-04,0.11715947766788312
2023-12-05,1.583411708474159
2023-12-06,1.8541416637599466
2023-12-07,0.9726522359997033
2023-12-08,2.6452545262873173
2023-12-09,1.0678560361266134
2023-12-10,1.8401821106672283
2023-12-11,0.609228214249015
2023-12-12,3.401312060654163
2023-12-13,1.317557037808001
2023-12-14,1.0538742691278458
2023-12-15,0.9829919338226316
2023-12-16,-0.03999136015772821
2023-12-17,0.8424528166651724
2023-12-18,1.688754353672266
2023-12-19,0.39878918882459424
2023-12-20,1.1937658563256262
2023-12-21,0.7753333183936775
2023-12-22,1.2214096970856188
2023-12-23,1.5038306266069412
2023-12-24,-1.4526951313018797
2023-12-25,-0.6434355080127715
2023-12-26,0.9651167448610065
2023-12-27,0.41818605642765766
2023-12-28,0.058770269155502194
2023-12-29,-0.18580348789691928
2023-12-30,0.5965745970606802
2023-12-31,0.8729893009876831
2024-01-01,0.3434491753578186
2024-01-02,1.445991054177284
2024-01-03,-0.014501437544822748
2024-01-04,1.5289547704160213
2024-01-05,0.5553477779030799
2024-01-06,1.6702756956219673
2024-01-07,0.29910409450531
2024-01-08,4.7901569660753
2024-01-09,3.8933693692088127
2024-01-10,0.3935075104236602
2024-01-11,0.6595168933272362
2024-01-12,-0.5124627752229571
2024-01-13,0.1909997761249541
2024-01-14,1.2345995493233202
2024-01-15,-0.42033806443214394
2024-01-16,0.6086102426052091
2024-01-17,2.889816485345363
2024-01-18,1.4056905545294283
2024-01-19,0.8040853217244148
2024-01-20,0.6792097352445126
2024-01-21,0.7490148097276685
2024-01-22,2.6583584323525424
2024-01-23,0.4957352429628371
2024-01-24,2.7690912447869773
2024-01-25,1.3925184719264503
2024-01-26,0.1787461712956428
2024-01-27,1.9956042543053625
2024-01-28,1.6014529690146444
2024-01-29,2.0559535883367057
2024-01-30,0.6746780797839165
2024-01-31,2.7823507785797115
2024-02-01,2.1935960352420807
2024-02-02,2.331437885761261
2024-02-03,1.0004261899739504
2024-02-04,0.8159497454762459
2024-02-05,1.33726067841053
2024-02-06,3.819203350692987
2024-02-07,0.8067098408937453
2024-02-08,2.5088528078049417
2024-02-09,5.32237970456481
2024-02-10,2.0805834010243416
2024-02-11,0.2289201617240905
2024-02-12,1.1552747339010239
2024-02-13,2.5605220012366767
2024-02-14,2.1046890951693054
2024-02-15,4.4750672951340675
2024-02-16,1.7062472142279146
2024-02-17,1.018938437104225
2024-02-25,2.085157584398985
2024-02-26,1.3684147000312805
2024-02-27,1.603657215833664
2024-02-28,0.4610653668642044
2024-02-29,-0.7945056557655334
2024-03-01,0.08981446176767355
2024-03-02,0.9620500430464745
2024-03-03,5.060649961233138
2024-03-04,1.4476495990529656
2024-03-05,1.4408357469364999
2024-03-06,0.9843947216868401
2024-03-07,0.8015350997447965
2024-03-08,1.5726452469825745
2024-03-09,1.0684022158384323
2024-03-10,1.8668179661035533
2024-03-11,1.3136074854992328
2024-03-12,0.40443885326385476
2024-03-13,1.7722996324300768
2024-03-14,2.6110003739595413
2024-03-15,2.5376680353656407
2024-03-16,1.5766159892082214
2024-03-18,1.6099182069301605
2024-03-19,0.9004194438457488
2024-03-24,2.2204096363857384
2024-03-25,2.256288707256317
2024-03-26,1.8844888405874367
2024-03-27,2.2468818947672844
2024-03-28,3.177864068187773
2024-03-29,0.9999807849526403
2024-03-30,0.7869208529591559
2024-03-31,0.4472132921218871
2024-04-01,1.694168075919151
2024-04-02,1.1608753502368925
2024-04-03,1.1694848313927648
2024-04-04,1.2383688986301422
2024-04-05,1.209386445581913
2024-04-06,1.179182660576771
2024-04-07,-0.04600175470113771
2024-04-08,2.3662408757954836
2024-04-09,1.379009887576103
2024-04-10,2.960129376500845
2024-04-11,1.4802163802087305
2024-04-12,1.160119146108627
2024-04-13,1.2576850503683088
2024-04-14,0.9249085746705531
2024-04-15,2.397228300571441
2024-04-16,1.8447278067469595
2024-04-17,0.49625629931688287
2024-04-18,2.6004783269017935
2024-04-19,0.38204041868448235
2024-04-20,-1.1930889748036861
2024-04-21,0.0343980565667152
2024-04-22,0.22867947677150363
2024-04-23,2.3716926444321866
2024-04-24,2.090119156986475
2024-04-25,1.6386247230693696
2024-04-26,1.1917261481285093
2024-04-27,1.5630865823477507
2024-04-28,2.4165739510208364
2024-04-29,2.4738845396786924
2024-04-30,1.1779101133288348
2024-05-01,0.7881494313478468
2024-05-02,2.234862181358039
2024-05-03,0.841656409204006
2024-05-04,1.732090815901756
2024-05-05,1.0786312967538831
2024-05-06,1.0737642273306844
2024-05-07,2.3477638997137547
2024-05-08,0.998997821472585
2024-05-09,1.6131201162934299
2024-05-10,1.8521161898970602
2024-05-11,1.886203423142433
2024-05-12,0.8062231689691542
2024-05-13,4.481590455397963
2024-05-14,2.456520542502403
2024-05-15,3.414919838309288
2024-05-16,1.6748261654283847
2024-05-17,1.4517409577965734
2024-05-18,1.3780829235911367
2024-05-21,0.4927490353584289
2024-05-22,0.5102662295103072
2024-05-23,0.3598375618457794
2024-05-24,-0.2694049477577209
2024-05-25,0.4599186480045318
2024-05-26,4.509897906682454
2024-05-27,3.508543574018404
2024-05-28,4.3062841929495335
2024-05-29,1.818865241220919
2024-05-30,1.9965917766094206
2024-05-31,2.314842982217669
2024-06-01,2.9766053464263673
2024-06-02,1.4208303242921827
2024-06-06,0.2947039604187011
2024-06-09,1.8412552364170551
2024-06-10,3.101149129564873
2024-06-11,2.9774569496512413
2024-06-12,1.3651553653180597
2024-06-13,1.2098483964800832
2024-06-14,0.6987009793519972
2024-06-15,1.0529342144727705
2024-06-16,0.27004560455679877
2024-06-18,2.7472302019596095
2024-06-19,7.5327967405319205
2024-06-20,1.370938628911972
2024-06-21,0.7660668194293974
2024-06-22,0.1680800020694732
2024-06-23,1.0839165002107618
2024-06-24,0.8789184466004369
2024-06-25,0.47799268364906317
2024-06-26,-0.0148436427116394
2024-06-27,0.19392366753891088
2024-06-28,-0.0475917458534241
2024-06-29,0.7739908546209334
2024-06-30,1.6705179065465927
2024-07-01,1.1903383135795589
2024-07-02,-2.4224079195410013
2024-07-03,-0.3797209933400154
2024-07-04,2.162121094763279
2024-07-05,-0.2812724681571125
2024-07-06,0.7725411877036097
2024-07-07,-0.14338146895170206
2024-07-08,1.610301226377487
2024-07-09,3.3308224976062775
2024-07-10,0.847966923145577
2024-07-11,1.1156529393047094
2024-07-12,2.7092714449390765
2024-07-13,1.1576556116342542
2024-07-14,0.3543527871370315
2024-07-15,2.4003474884666502
2024-07-16,1.2600088701583445
2024-07-17,2.1166383577510715
2024-07-18,1.2549241892993448
2024-07-19,0.46452153474092467
2024-07-20,1.039849132299423
2024-07-21,-0.043741650879383004
2024-07-22,0.8458840018138288
2024-07-23,3.1867975741624828
2024-07-24,2.0279127685353155
2024-07-25,0.9894073717296121
2024-07-26,2.9482656270265575
2024-07-27,0.9738600663840771
2024-07-29,1.4595237169414756
2024-07-30,0.7345403283834454
2024-07-31,0.8018537908792496
2024-08-01,0.1666554883122444
2024-08-02,-3.6303225569427013
2024-08-03,-0.5614386200904846
2024-08-04,-0.4472157135605811
2024-08-05,0.1731251962482929
2024-08-06,-0.0720956660807131
2024-08-07,0.7253095284104345
2024-08-08,0.2580852285027503
2024-08-09,0.29322278499603266
2024-08-10,0.2394500896334648
2024-08-11,0.4808259382843972
2024-08-12,1.8624384775757787
2024-08-13,2.3926145881414413
2024-08-14,3.4395828209817405
2024-08-15,0.63333085924387
2024-08-16,0.6379591077566147
2024-08-17,0.553754949942231
2024-08-18,0.763776384294033
2024-08-19,1.1393013298511505
2024-08-20,3.0032436884939666
2024-08-21,2.8587012924253936
2024-08-22,2.5758324364433065
2024-08-23,2.4218984330072995
2024-08-24,2.7820691028609867
2024-09-01,1.8733249530196188
2024-09-02,2.2860546717420216
2024-09-03,-0.9011320471763612
2024-09-04,-1.2757718563079834
2024-09-06,-0.2391041368246078
2024-09-07,0.39639604464173306
2024-09-08,-0.0189199950546024
2024-09-09,0.7311246804893016
2024-09-10,0.6438725180923938
2024-09-11,2.5707848668098445
2024-09-12,2.107763430103659
2024-09-13,1.1521805580705402
2024-09-14,0.775167066924041
2024-09-15,0.8633431792259213
2024-09-16,-0.025522861629724558
2024-09-17,1.3763727210462091
2024-09-18,2.304338214918971
2024-09-19,1.6443196982145307
2024-09-20,2.56148262321949
2024-09-21,1.488589026033878
2024-09-22,0.7854616194963454
2024-09-23,2.017110433429479
2024-09-24,1.4659179672598837
2024-09-25,3.091449502855539
2024-09-26,1.2971918135881424
2024-09-27,0.38442919058434183
2024-09-28,-0.2139824330806732
2024-09-29,0.2629633434116839
2024-09-30,0.5732872486114502
2024-10-01,0.4474682658910751
2024-10-02,1.0482925176620483
2024-10-03,1.4396122470498083
2024-10-04,2.5355663970112796
2024-10-05,0.3318684604018925
2024-10-06,-0.0217568632215261
2024-10-07,1.0350712109357116
2024-10-08,3.5777714252471924
2024-10-09,2.2893224135041237
2024-10-10,2.7486349046230316
2024-10-11,4.68191473558545
2024-10-12,1.2043916955590246
2024-10-14,0.42022657580673684
2024-10-15,2.313567813485861
2024-10-16,1.5816508680582044
2024-10-17,0.2642630338668823
2024-10-18,0.0779232457280159
2024-10-20,0.5803861916065216
2024-10-21,1.957765594124794
2024-10-22,1.174813319928944
2024-10-23,0.9148025214672089
2024-10-24,3.7727374741807576
2024-10-25,5.44702607486397
2024-10-26,4.82283191382885
2024-10-27,3.3038255348801613
2024-10-28,1.2545240242034195
2024-10-29,1.179094284772873
2024-10-30,0.21936614066362362
2024-10-31,0.26905746757984145
2024-11-01,1.9700704999268053
2024-11-02,1.811129661276936
2024-11-03,0.5135491490364074
2024-11-04,0.37041954882442957
2024-11-05,1.9347654059529302
2024-11-06,2.369334489107132
2024-11-07,1.9992180541157722
2024-11-08,2.7710013613104816
2024-11-09,2.182981207966804
2024-11-10,0.7373775243759153
2024-11-11,0.5996928028762342
2024-11-12,2.313542582094669
2024-11-13,3.86796773225069
2024-11-14,1.987636752426624
2024-11-15,0.5584610197693108
2024-11-16,0.5330429375171661
2024-11-18,0.2017435878515243
2024-11-19,0.6168612912297249
2024-11-20,1.443020204780623
2024-11-21,0.14766656607389456
2024-11-22,-0.399664718657732
2024-11-24,1.3095289468765257
2024-11-25,0.11116705462336507
2024-11-26,2.237303920090198
2024-11-27,1.6707241926342247
2024-11-28,1.0080796405673025
2024-11-29,1.3047746643424032
2024-11-30,0.8556510433554648
2024-12-01,1.1803876738995311
2024-12-02,1.1201950013637543
2024-12-03,1.434542804956436
2024-12-04,0.7668614205904304
2024-12-05,3.4313423633575435
2024-12-06,0.39151987433433544
2024-12-07,-0.2767565846443176
2024-12-08,0.8848106409423053
2024-12-09,-8.234792858362198
2024-12-10,-4.046493210829794
2024-12-11,-0.47537544555962097
2024-12-12,0.09797750413417822
2024-12-13,-0.24382829666137712
2024-12-14,0.5770679786801337
2024-12-15,0.11789121478796002
2024-12-16,-0.012458525598049053
2024-12-17,-0.6083067096769812
2024-12-18,1.0910326791927214
2024-12-19,1.5980975553393364
2024-12-20,0.06401791237294674
2024-12-21,-0.22877807170152667
2024-12-22,1.9847131371498108
2024-12-23,0.9528658259660004
2024-12-24,1.7481686025857925
2024-12-25,2.415224429219961
2024-12-26,0.6771966218948362
2024-12-27,1.5968985855579374
2024-12-28,0.783900775015354
2024-12-29,0.32589726150035847
2024-12-30,0.317507266998291
2024-12-31,2.2370948288589716
2025-01-01,-0.0674973875284195
2025-01-02,3.239465650171041
2025-01-03,3.4024887885898347
2025-01-04,0.928860232234001
2025-01-06,0.1921201758086681
2025-01-07,3.080881297588348
2025-01-08,0.5456586629152298
2025-01-11,0.1815403699874878
2025-01-12,0.8011863529682159
2025-01-13,2.0505671538412567
2025-01-14,2.893585121259093
2025-01-15,3.2355310954153533
2025-01-16,2.8812941201031204
2025-01-17,2.1329604405909777
2025-01-18,1.8661820292472837
2025-01-19,1.813725796411745
2025-01-20,2.004661285318434
2025-01-21,2.765722686424851
2025-01-22,2.4096854720264673
2025-01-23,1.8547331765294073
2025-01-24,2.0359186474233866
2025-01-25,1.125336254015565
2025-02-02,0.45847233571112156
2025-02-03,-0.8991263210773468
2025-02-04,1.0727476105093956
2025-02-05,1.6069628149271011
2025-02-06,0.007013172842562074
2025-02-07,0.6918626427650452
2025-02-08,-0.1687729125842451
2025-02-09,0.5287842191755769
2025-02-10,0.7511309031397101
2025-02-11,2.8644816949963565
2025-02-12,-0.008243262767791748
2025-02-13,1.7555668652057643
2025-02-14,1.345718760043382
2025-02-15,0.5750442687422037
2025-02-16,-0.4801821112632751
2025-02-17,0.5297556221485137
2025-02-18,0.6197339347563682
2025-02-19,1.3946573380380867
2025-02-20,2.5661327634006734
2025-02-21,1.0706719867885113
2025-02-22,0.31554839015007
2025-02-23,0.47395069897174835
2025-02-24,0.120829127728939
2025-02-25,1.0111177787184715
2025-02-26,1.7661419920623298
2025-02-27,1.0936859026551247
2025-02-28,0.7255919561721385
2025-03-02,-0.6260851621627808
